Lab Test Name,Category Name,Lab / Organization,Turnaround time,Base Price,Discount,Clinic Address,Open Time,Closing Time,Block time,Sunday Hours
ABSOLUTE  LYMPHOCYTE COUNT,Laboratory, Isha Diagnostics,24 hrs,150,10%,"Malleshwaram, Bangalore",7:00 Hrs,21:00 Hrs,,
ABSOLUTE NEUTROPHIL COUNT,Laboratory, Isha Diagnostics,24 hrs,150,10%,"Malleshwaram, Bangalore",7:00 Hrs,21:00 Hrs,,
ACTIVE PARTIAL THROMBOPLASTIN TIME (APTT),Laboratory, Isha Diagnostics,24 hrs,400,10%,"Malleshwaram, Bangalore",7:00 Hrs,21:00 Hrs,,
AEC,Laboratory, Isha Diagnostics,24 hrs,200,10%,"Malleshwaram, Bangalore",7:00 Hrs,21:00 Hrs,,
BLEEDING TIME (BT),Laboratory, Isha Diagnostics,24 hrs,100,10%,"Malleshwaram, Bangalore",7:00 Hrs,21:00 Hrs,,
BLOOD GROUP & RH TYPE,Laboratory, Isha Diagnostics,24 hrs,150,10%,"Malleshwaram, Bangalore",7:00 Hrs,21:00 Hrs,,
"BT,CT",Laboratory, Isha Diagnostics,24 hrs,200,10%,"Malleshwaram, Bangalore",7:00 Hrs,21:00 Hrs,,
CLOTTING TIME (CT),Laboratory, Isha Diagnostics,24 hrs,100,10%,"Malleshwaram, Bangalore",7:00 Hrs,21:00 Hrs,,
COMPLETE BLOOD COUNT(CBC),Laboratory, Isha Diagnostics,24 hrs,350,10%,"Malleshwaram, Bangalore",7:00 Hrs,21:00 Hrs,,
COMPLETE HAEMOGRAM (CBP),Laboratory, Isha Diagnostics,24 hrs,450,10%,"Malleshwaram, Bangalore",7:00 Hrs,21:00 Hrs,,
CROSS MATCH WHOLE BLOOD/PACKED,Laboratory, Isha Diagnostics,24 hrs,150,10%,"Malleshwaram, Bangalore",7:00 Hrs,21:00 Hrs,,
D-DIMER,Laboratory, Isha Diagnostics,24 hrs,1490,10%,"Malleshwaram, Bangalore",7:00 Hrs,21:00 Hrs,,
DIFFERENTIAL COUNT (DC),Laboratory, Isha Diagnostics,24 hrs,200,10%,"Malleshwaram, Bangalore",7:00 Hrs,21:00 Hrs,,
ESR,Laboratory, Isha Diagnostics,24 hrs,150,10%,"Malleshwaram, Bangalore",7:00 Hrs,21:00 Hrs,,
FIBRINOGEN LEVEL,Laboratory, Isha Diagnostics,24 hrs,2500,10%,"Malleshwaram, Bangalore",7:00 Hrs,21:00 Hrs,,
G-6-PD,Laboratory, Isha Diagnostics,24 hrs,1500,10%,"Malleshwaram, Bangalore",7:00 Hrs,21:00 Hrs,,
HAEMOGLOBIN (Hb),Laboratory, Isha Diagnostics,24 hrs,150,10%,"Malleshwaram, Bangalore",7:00 Hrs,21:00 Hrs,,
"HB,TC,DC,ESR",Laboratory, Isha Diagnostics,24 hrs,400,10%,"Malleshwaram, Bangalore",7:00 Hrs,21:00 Hrs,,
HIGH SENSITIVE CRP (hsCRP),Laboratory, Isha Diagnostics,24 hrs,900,10%,"Malleshwaram, Bangalore",7:00 Hrs,21:00 Hrs,,
LE CELL,Laboratory, Isha Diagnostics,24 hrs,600,10%,"Malleshwaram, Bangalore",7:00 Hrs,21:00 Hrs,,
LEPTOSPIRA IgG & IgM(ELISA),Laboratory, Isha Diagnostics,24 hrs,1500,10%,"Malleshwaram, Bangalore",7:00 Hrs,21:00 Hrs,,
MALARIA DETECTION BY QBC,Laboratory, Isha Diagnostics,24 hrs,350,10%,"Malleshwaram, Bangalore",7:00 Hrs,21:00 Hrs,,
MALARIAL PARASITES (CARD METHOD),Laboratory, Isha Diagnostics,24 hrs,350,10%,"Malleshwaram, Bangalore",7:00 Hrs,21:00 Hrs,,
MALARIAL PARASITES SMEAR (MP SMEAR),Laboratory, Isha Diagnostics,24 hrs,350,10%,"Malleshwaram, Bangalore",7:00 Hrs,21:00 Hrs,,
MCH,Laboratory, Isha Diagnostics,24 hrs,100,10%,"Malleshwaram, Bangalore",7:00 Hrs,21:00 Hrs,,
MCHC,Laboratory, Isha Diagnostics,24 hrs,100,10%,"Malleshwaram, Bangalore",7:00 Hrs,21:00 Hrs,,
MCV,Laboratory, Isha Diagnostics,24 hrs,100,10%,"Malleshwaram, Bangalore",7:00 Hrs,21:00 Hrs,,
PACKED CELL VOLUME (PCV),Laboratory, Isha Diagnostics,24 hrs,150,10%,"Malleshwaram, Bangalore",7:00 Hrs,21:00 Hrs,,
PERIPHERAL SMEAR,Laboratory, Isha Diagnostics,24 hrs,300,10%,"Malleshwaram, Bangalore",7:00 Hrs,21:00 Hrs,,
PLATELET COUNT,Laboratory, Isha Diagnostics,24 hrs,150,10%,"Malleshwaram, Bangalore",7:00 Hrs,21:00 Hrs,,
PROTHROMBIN TIME (PT),Laboratory, Isha Diagnostics,24 hrs,400,10%,"Malleshwaram, Bangalore",7:00 Hrs,21:00 Hrs,,
RBC COUNT,Laboratory, Isha Diagnostics,24 hrs,200,10%,"Malleshwaram, Bangalore",7:00 Hrs,21:00 Hrs,,
RETICULOCYTE COUNT,Laboratory, Isha Diagnostics,24 hrs,300,10%,"Malleshwaram, Bangalore",7:00 Hrs,21:00 Hrs,,
SMEAR FOR MICROFILARIAE,Laboratory, Isha Diagnostics,24 hrs,300,10%,"Malleshwaram, Bangalore",7:00 Hrs,21:00 Hrs,,
"TC,DC",Laboratory, Isha Diagnostics,24 hrs,400,10%,"Malleshwaram, Bangalore",7:00 Hrs,21:00 Hrs,,
TOTAL LEUCOCYTE COUNT (TC),Laboratory, Isha Diagnostics,24 hrs,200,10%,"Malleshwaram, Bangalore",7:00 Hrs,21:00 Hrs,,
COMPETE BLOOD COUNT (CBC) WITH ESR,Laboratory, Isha Diagnostics,24 hrs,400,10%,"Malleshwaram, Bangalore",7:00 Hrs,21:00 Hrs,,
TROPONIN T (trop T)ELISA,Laboratory, Isha Diagnostics,24 hrs,1200,10%,"Malleshwaram, Bangalore",7:00 Hrs,21:00 Hrs,,
HEPATITIS A VIRUS IgM,Laboratory, Isha Diagnostics,24 hrs,900,10%,"Malleshwaram, Bangalore",7:00 Hrs,21:00 Hrs,,
VALPORIC ACID,Laboratory, Isha Diagnostics,24 hrs,1600,10%,"Malleshwaram, Bangalore",7:00 Hrs,21:00 Hrs,,
"Dihydrotestosterone, Serum",Laboratory, Isha Diagnostics,24 hrs,3500,10%,"Malleshwaram, Bangalore",7:00 Hrs,21:00 Hrs,,
TORCH 10 PROFILE (IgG&IgM),Laboratory, Isha Diagnostics,24 hrs,4000,10%,"Malleshwaram, Bangalore",7:00 Hrs,21:00 Hrs,,
NMDA Receptor Antibody,Laboratory, Isha Diagnostics,24 hrs,9000,10%,"Malleshwaram, Bangalore",7:00 Hrs,21:00 Hrs,,
VGKC (LG1 and CASPR2) Antibody,Laboratory, Isha Diagnostics,24 hrs,10000,10%,"Malleshwaram, Bangalore",7:00 Hrs,21:00 Hrs,,
*LH,Laboratory, Isha Diagnostics,24 hrs,450,10%,"Malleshwaram, Bangalore",7:00 Hrs,21:00 Hrs,,
INHIBIN B,Laboratory, Isha Diagnostics,24 hrs,3000,10%,"Malleshwaram, Bangalore",7:00 Hrs,21:00 Hrs,,
INHIBIN A,Laboratory, Isha Diagnostics,24 hrs,3000,10%,"Malleshwaram, Bangalore",7:00 Hrs,21:00 Hrs,,
BRUCELLA IGG ANTIBODY,Laboratory, Isha Diagnostics,24 hrs,900,10%,"Malleshwaram, Bangalore",7:00 Hrs,21:00 Hrs,,
Chromogranin A,Laboratory, Isha Diagnostics,24 hrs,9000,10%,"Malleshwaram, Bangalore",7:00 Hrs,21:00 Hrs,,
RDW-CV,Laboratory, Isha Diagnostics,24 hrs,150,10%,"Malleshwaram, Bangalore",7:00 Hrs,21:00 Hrs,,
RDW-SD,Laboratory, Isha Diagnostics,24 hrs,150,10%,"Malleshwaram, Bangalore",7:00 Hrs,21:00 Hrs,,
GASTRIN,Laboratory, Isha Diagnostics,24 hrs,2000,10%,"Malleshwaram, Bangalore",7:00 Hrs,21:00 Hrs,,
 Heavy Metals ,Laboratory, Isha Diagnostics,24 hrs,6000,10%,"Malleshwaram, Bangalore",7:00 Hrs,21:00 Hrs,,
Absolute Eosinophil Count,Laboratory, Isha Diagnostics,24 hrs,400,10%,"Malleshwaram, Bangalore",7:00 Hrs,21:00 Hrs,,
ANTI THROMBIN III (ANTIGENIC),Laboratory, Isha Diagnostics,24 hrs,3000,10%,"Malleshwaram, Bangalore",7:00 Hrs,21:00 Hrs,,
IMMATURE PLATELET FRACTION,Laboratory, Isha Diagnostics,24 hrs,1200,10%,"Malleshwaram, Bangalore",7:00 Hrs,21:00 Hrs,,
Treponema pallidum Antibody (FTA-ABS),Laboratory, Isha Diagnostics,24 hrs,2200,10%,"Malleshwaram, Bangalore",7:00 Hrs,21:00 Hrs,,
Immuno Deficiency Panel CD45/CD3/CD4/CD8,Laboratory, Isha Diagnostics,24 hrs,1800,10%,"Malleshwaram, Bangalore",7:00 Hrs,21:00 Hrs,,
"METANEPHRINE-FREE, PLASMA",Laboratory, Isha Diagnostics,24 hrs,4000,10%,"Malleshwaram, Bangalore",7:00 Hrs,21:00 Hrs,,
TROPONIN T QUNTITATIVE ,Laboratory, Isha Diagnostics,24 hrs,1500,10%,"Malleshwaram, Bangalore",7:00 Hrs,21:00 Hrs,,
Nor-Metanephrine-Free Plasma,Laboratory, Isha Diagnostics,24 hrs,5200,10%,"Malleshwaram, Bangalore",7:00 Hrs,21:00 Hrs,,
SARS CoV 2 Antibody IgM,Laboratory, Isha Diagnostics,24 hrs,1490,10%,"Malleshwaram, Bangalore",7:00 Hrs,21:00 Hrs,,
MYOSITIS PROFILE,Laboratory, Isha Diagnostics,24 hrs,9500,10%,"Malleshwaram, Bangalore",7:00 Hrs,21:00 Hrs,,
PERTUSSIS,Laboratory, Isha Diagnostics,24 hrs,2000,10%,"Malleshwaram, Bangalore",7:00 Hrs,21:00 Hrs,,
TETANUS TOXOID IGG - QUANTITATIVE,Laboratory, Isha Diagnostics,24 hrs,2000,10%,"Malleshwaram, Bangalore",7:00 Hrs,21:00 Hrs,,
DIPTHERIA,Laboratory, Isha Diagnostics,24 hrs,1000,10%,"Malleshwaram, Bangalore",7:00 Hrs,21:00 Hrs,,
ONCO PATHOLOGY,Laboratory, Isha Diagnostics,24 hrs,3500,10%,"Malleshwaram, Bangalore",7:00 Hrs,21:00 Hrs,,
TROPONIN I (trop I )ELISA,Laboratory, Isha Diagnostics,24 hrs,800,10%,"Malleshwaram, Bangalore",7:00 Hrs,21:00 Hrs,,
JC Virus Qualitative PCR,Laboratory, Isha Diagnostics,24 hrs,4900,10%,"Malleshwaram, Bangalore",7:00 Hrs,21:00 Hrs,,
MENINGOCOCCAL (MENACTRA VACCINE),Laboratory, Isha Diagnostics,24 hrs,4950,10%,"Malleshwaram, Bangalore",7:00 Hrs,21:00 Hrs,,
MPN PANEL,Laboratory, Isha Diagnostics,24 hrs,7900,10%,"Malleshwaram, Bangalore",7:00 Hrs,21:00 Hrs,,
Factor VIII Activity,Laboratory, Isha Diagnostics,24 hrs,5000,10%,"Malleshwaram, Bangalore",7:00 Hrs,21:00 Hrs,,
Pulmonary Function Test,Laboratory, Isha Diagnostics,24 hrs,100,10%,"Malleshwaram, Bangalore",7:00 Hrs,21:00 Hrs,,
HOMECOLLECTION CHARGES,Laboratory, Isha Diagnostics,24 hrs,250,10%,"Malleshwaram, Bangalore",7:00 Hrs,21:00 Hrs,,
NICOTINE -Serum,Laboratory, Isha Diagnostics,24 hrs,2000,10%,"Malleshwaram, Bangalore",7:00 Hrs,21:00 Hrs,,
Hepatitis C Virus - Genotyping + Viral Load,Laboratory, Isha Diagnostics,24 hrs,4500,10%,"Malleshwaram, Bangalore",7:00 Hrs,21:00 Hrs,,
ECHO,Laboratory, Isha Diagnostics,24 hrs,1500,10%,"Malleshwaram, Bangalore",7:00 Hrs,21:00 Hrs,,
HCV RNA Viral Load (Quantitative) PCR,Laboratory, Isha Diagnostics,24 hrs,4000,10%,"Malleshwaram, Bangalore",7:00 Hrs,21:00 Hrs,,
MANJUNATH LAB PATHOLOGY FEES,Laboratory, Isha Diagnostics,24 hrs,8000,10%,"Malleshwaram, Bangalore",7:00 Hrs,21:00 Hrs,,
URINE - Reaction (pH),Laboratory, Isha Diagnostics,24 hrs,50,10%,"Malleshwaram, Bangalore",7:00 Hrs,21:00 Hrs,,
ALLERGY PROFILE-(Veg & Non-veg) (Inhalant),Laboratory, Isha Diagnostics,24 hrs,5000,10%,"Malleshwaram, Bangalore",7:00 Hrs,21:00 Hrs,,
NLR RATIO,Laboratory, Isha Diagnostics,24 hrs,200,10%,"Malleshwaram, Bangalore",7:00 Hrs,21:00 Hrs,,
THROMBOPHILIA PROFILE 1,Laboratory, Isha Diagnostics,24 hrs,8500,10%,"Malleshwaram, Bangalore",7:00 Hrs,21:00 Hrs,,
CD4 ABSOLUTE COUNT,Laboratory, Isha Diagnostics,24 hrs,1500,10%,"Malleshwaram, Bangalore",7:00 Hrs,21:00 Hrs,,
ALDOSTERONE/PLASMA RENIN ACTIVITY RATIO,Laboratory, Isha Diagnostics,24 hrs,2500,10%,"Malleshwaram, Bangalore",7:00 Hrs,21:00 Hrs,,
METHEMOGLOBIN,Laboratory, Isha Diagnostics,24 hrs,1000,10%,"Malleshwaram, Bangalore",7:00 Hrs,21:00 Hrs,,
"HEAVY METALS PANEL 4, BLOOD",Laboratory, Isha Diagnostics,24 hrs,2000,10%,"Malleshwaram, Bangalore",7:00 Hrs,21:00 Hrs,,
24 HOURS URINARY CALCIUM,Laboratory, Isha Diagnostics,24 hrs,600,10%,"Malleshwaram, Bangalore",7:00 Hrs,21:00 Hrs,,
24 HRS CREATININE CLEARANCE,Laboratory, Isha Diagnostics,24 hrs,600,10%,"Malleshwaram, Bangalore",7:00 Hrs,21:00 Hrs,,
24 HRS URINARY CHLORIDE,Laboratory, Isha Diagnostics,24 hrs,600,10%,"Malleshwaram, Bangalore",7:00 Hrs,21:00 Hrs,,
24 HRS URINARY MICROALBUMIN/CREATININE RATIO,Laboratory, Isha Diagnostics,24 hrs,900,10%,"Malleshwaram, Bangalore",7:00 Hrs,21:00 Hrs,,
24 HRS URINARY URIC ACID,Laboratory, Isha Diagnostics,24 hrs,600,10%,"Malleshwaram, Bangalore",7:00 Hrs,21:00 Hrs,,
24 HRS URINE CATECHOLAMINES,Laboratory, Isha Diagnostics,24 hrs,4000,10%,"Malleshwaram, Bangalore",7:00 Hrs,21:00 Hrs,,
24 HRS URINE PROTEIN CREATININE RATIO,Laboratory, Isha Diagnostics,24 hrs,1600,10%,"Malleshwaram, Bangalore",7:00 Hrs,21:00 Hrs,,
24 HRS URINE VANILLYL MANDELIC ACID (VMA),Laboratory, Isha Diagnostics,24 hrs,2000,10%,"Malleshwaram, Bangalore",7:00 Hrs,21:00 Hrs,,
A/G RATIO,Laboratory, Isha Diagnostics,24 hrs,200,10%,"Malleshwaram, Bangalore",7:00 Hrs,21:00 Hrs,,
ACID PHOSPHATASE,Laboratory, Isha Diagnostics,24 hrs,800,10%,"Malleshwaram, Bangalore",7:00 Hrs,21:00 Hrs,,
ACID PHOSPHATASE - PROSTATIC FRACTION,Laboratory, Isha Diagnostics,24 hrs,1400,10%,"Malleshwaram, Bangalore",7:00 Hrs,21:00 Hrs,,
ADENOSINE DEAMINASE LEVELS  ( ADA ),Laboratory, Isha Diagnostics,24 hrs,750,10%,"Malleshwaram, Bangalore",7:00 Hrs,21:00 Hrs,,
ADRENO CORTICOTROPHIC HORMONE  ( ACTH),Laboratory, Isha Diagnostics,24 hrs,1800,10%,"Malleshwaram, Bangalore",7:00 Hrs,21:00 Hrs,,
ALANINE AMINOTRANSFERASE (SGPT/ALT),Laboratory, Isha Diagnostics,24 hrs,250,10%,"Malleshwaram, Bangalore",7:00 Hrs,21:00 Hrs,,
ALBUMIN,Laboratory, Isha Diagnostics,24 hrs,250,10%,"Malleshwaram, Bangalore",7:00 Hrs,21:00 Hrs,,
ALCOHOL LEVELS,Laboratory, Isha Diagnostics,24 hrs,3000,10%,"Malleshwaram, Bangalore",7:00 Hrs,21:00 Hrs,,
ALKALINE PHOSPHATASE (ALP),Laboratory, Isha Diagnostics,24 hrs,250,10%,"Malleshwaram, Bangalore",7:00 Hrs,21:00 Hrs,,
AMMONIA,Laboratory, Isha Diagnostics,24 hrs,1000,10%,"Malleshwaram, Bangalore",7:00 Hrs,21:00 Hrs,,
ARTERIAL BLOOD GAS ANALYSIS (ABG),Laboratory, Isha Diagnostics,24 hrs,2000,10%,"Malleshwaram, Bangalore",7:00 Hrs,21:00 Hrs,,
ASO TITRE (ASLO),Laboratory, Isha Diagnostics,24 hrs,400,10%,"Malleshwaram, Bangalore",7:00 Hrs,21:00 Hrs,,
ASPARATE AMINOTRANSFERASE (SGOT/AST),Laboratory, Isha Diagnostics,24 hrs,250,10%,"Malleshwaram, Bangalore",7:00 Hrs,21:00 Hrs,,
BENZODIAZEPINE TEST - URINE,Laboratory, Isha Diagnostics,24 hrs,1600,10%,"Malleshwaram, Bangalore",7:00 Hrs,21:00 Hrs,,
BICARBONATE,Laboratory, Isha Diagnostics,24 hrs,1000,10%,"Malleshwaram, Bangalore",7:00 Hrs,21:00 Hrs,,
BLOOD ALCOHOL LEVEL,Laboratory, Isha Diagnostics,24 hrs,3000,10%,"Malleshwaram, Bangalore",7:00 Hrs,21:00 Hrs,,
BLOOD UREA,Laboratory, Isha Diagnostics,24 hrs,250,10%,"Malleshwaram, Bangalore",7:00 Hrs,21:00 Hrs,,
BUN,Laboratory, Isha Diagnostics,24 hrs,250,10%,"Malleshwaram, Bangalore",7:00 Hrs,21:00 Hrs,,
C - PEPTIDE,Laboratory, Isha Diagnostics,24 hrs,2500,10%,"Malleshwaram, Bangalore",7:00 Hrs,21:00 Hrs,,
C-REACTIVE PROTEIN (CRP),Laboratory, Isha Diagnostics,24 hrs,400,10%,"Malleshwaram, Bangalore",7:00 Hrs,21:00 Hrs,,
CARBAMAZEPINE,Laboratory, Isha Diagnostics,24 hrs,1600,10%,"Malleshwaram, Bangalore",7:00 Hrs,21:00 Hrs,,
CK-MB,Laboratory, Isha Diagnostics,24 hrs,700,10%,"Malleshwaram, Bangalore",7:00 Hrs,21:00 Hrs,,
COMPLEMENT C3,Laboratory, Isha Diagnostics,24 hrs,1200,10%,"Malleshwaram, Bangalore",7:00 Hrs,21:00 Hrs,,
COMPLEMENT C4,Laboratory, Isha Diagnostics,24 hrs,1200,10%,"Malleshwaram, Bangalore",7:00 Hrs,21:00 Hrs,,
COPPER LEVELS,Laboratory, Isha Diagnostics,24 hrs,1800,10%,"Malleshwaram, Bangalore",7:00 Hrs,21:00 Hrs,,
CPK (CK NAK),Laboratory, Isha Diagnostics,24 hrs,600,10%,"Malleshwaram, Bangalore",7:00 Hrs,21:00 Hrs,,
CREATININE CLEARANCE,Laboratory, Isha Diagnostics,24 hrs,600,10%,"Malleshwaram, Bangalore",7:00 Hrs,21:00 Hrs,,
CYSTATIN C,Laboratory, Isha Diagnostics,24 hrs,1800,10%,"Malleshwaram, Bangalore",7:00 Hrs,21:00 Hrs,,
ESTRIOL ( E3),Laboratory, Isha Diagnostics,24 hrs,1600,10%,"Malleshwaram, Bangalore",7:00 Hrs,21:00 Hrs,,
FASTING  BLOOD SUGAR (FBS),Laboratory, Isha Diagnostics,24 hrs,50,10%,"Malleshwaram, Bangalore",7:00 Hrs,21:00 Hrs,,
FOLIC ACID (SERUM FOLATE LEVELS),Laboratory, Isha Diagnostics,24 hrs,1000,10%,"Malleshwaram, Bangalore",7:00 Hrs,21:00 Hrs,,
FREE LIGHT CHAINS( URINE) (KAPPA+ LAMBDA),Laboratory, Isha Diagnostics,24 hrs,3500,10%,"Malleshwaram, Bangalore",7:00 Hrs,21:00 Hrs,,
GCT,Laboratory, Isha Diagnostics,24 hrs,550,10%,"Malleshwaram, Bangalore",7:00 Hrs,21:00 Hrs,,
GGT,Laboratory, Isha Diagnostics,24 hrs,250,10%,"Malleshwaram, Bangalore",7:00 Hrs,21:00 Hrs,,
GLUCOSE TOLERANCE TEST (GTT),Laboratory, Isha Diagnostics,24 hrs,550,10%,"Malleshwaram, Bangalore",7:00 Hrs,21:00 Hrs,,
GROWTH HORMONE (HGH),Laboratory, Isha Diagnostics,24 hrs,1500,10%,"Malleshwaram, Bangalore",7:00 Hrs,21:00 Hrs,,
HbA1c (GLYCOSYLATED Hb),Laboratory, Isha Diagnostics,24 hrs,600,10%,"Malleshwaram, Bangalore",7:00 Hrs,21:00 Hrs,,
HDL CHOLESTEROL - DIRECT,Laboratory, Isha Diagnostics,24 hrs,200,10%,"Malleshwaram, Bangalore",7:00 Hrs,21:00 Hrs,,
i-PTH,Laboratory, Isha Diagnostics,24 hrs,1800,10%,"Malleshwaram, Bangalore",7:00 Hrs,21:00 Hrs,,
IGG&IGM,Laboratory, Isha Diagnostics,24 hrs,1800,10%,"Malleshwaram, Bangalore",7:00 Hrs,21:00 Hrs,,
INSULIN - FASTING,Laboratory, Isha Diagnostics,24 hrs,800,10%,"Malleshwaram, Bangalore",7:00 Hrs,21:00 Hrs,,
INSULIN - POSTPRANDIAL,Laboratory, Isha Diagnostics,24 hrs,800,10%,"Malleshwaram, Bangalore",7:00 Hrs,21:00 Hrs,,
IONIZED CALCIUM,Laboratory, Isha Diagnostics,24 hrs,600,10%,"Malleshwaram, Bangalore",7:00 Hrs,21:00 Hrs,,
IRON,Laboratory, Isha Diagnostics,24 hrs,400,10%,"Malleshwaram, Bangalore",7:00 Hrs,21:00 Hrs,,
IRON &TIBC,Laboratory, Isha Diagnostics,24 hrs,800,10%,"Malleshwaram, Bangalore",7:00 Hrs,21:00 Hrs,,
IRON PROFILE,Laboratory, Isha Diagnostics,24 hrs,1000,10%,"Malleshwaram, Bangalore",7:00 Hrs,21:00 Hrs,,
IRON PROFILE WITH FERRITIN,Laboratory, Isha Diagnostics,24 hrs,1600,10%,"Malleshwaram, Bangalore",7:00 Hrs,21:00 Hrs,,
LACTATE LEVEL,Laboratory, Isha Diagnostics,24 hrs,1200,10%,"Malleshwaram, Bangalore",7:00 Hrs,21:00 Hrs,,
LACTIC ACID ( LACTATE ),Laboratory, Isha Diagnostics,24 hrs,1200,10%,"Malleshwaram, Bangalore",7:00 Hrs,21:00 Hrs,,
LDH (Serum),Laboratory, Isha Diagnostics,24 hrs,400,10%,"Malleshwaram, Bangalore",7:00 Hrs,21:00 Hrs,,
LDL CHOLESTEROL - DIRECT,Laboratory, Isha Diagnostics,24 hrs,200,10%,"Malleshwaram, Bangalore",7:00 Hrs,21:00 Hrs,,
LDL/HDL RATIO,Laboratory, Isha Diagnostics,24 hrs,400,10%,"Malleshwaram, Bangalore",7:00 Hrs,21:00 Hrs,,
LIPASE,Laboratory, Isha Diagnostics,24 hrs,450,10%,"Malleshwaram, Bangalore",7:00 Hrs,21:00 Hrs,,
LIPID PROFILE  (LP),Laboratory, Isha Diagnostics,24 hrs,500,10%,"Malleshwaram, Bangalore",7:00 Hrs,21:00 Hrs,,
LITHIUM,Laboratory, Isha Diagnostics,24 hrs,900,10%,"Malleshwaram, Bangalore",7:00 Hrs,21:00 Hrs,,
LIVER FUNCTION TEST(LFT),Laboratory, Isha Diagnostics,24 hrs,550,10%,"Malleshwaram, Bangalore",7:00 Hrs,21:00 Hrs,,
MAGNESIUM,Laboratory, Isha Diagnostics,24 hrs,650,10%,"Malleshwaram, Bangalore",7:00 Hrs,21:00 Hrs,,
OSMOLALITY -  URINE,Laboratory, Isha Diagnostics,24 hrs,900,10%,"Malleshwaram, Bangalore",7:00 Hrs,21:00 Hrs,,
OSMOLALITY - SERUM,Laboratory, Isha Diagnostics,24 hrs,900,10%,"Malleshwaram, Bangalore",7:00 Hrs,21:00 Hrs,,
OSMOTIC FRAGILITY TEST,Laboratory, Isha Diagnostics,24 hrs,900,10%,"Malleshwaram, Bangalore",7:00 Hrs,21:00 Hrs,,
PHENOBARBOTONE,Laboratory, Isha Diagnostics,24 hrs,1800,10%,"Malleshwaram, Bangalore",7:00 Hrs,21:00 Hrs,,
PLASMA OSMOLARITY,Laboratory, Isha Diagnostics,24 hrs,900,10%,"Malleshwaram, Bangalore",7:00 Hrs,21:00 Hrs,,
POST PRANDIAL BLOOD SUGAR (PPBS),Laboratory, Isha Diagnostics,24 hrs,50,10%,"Malleshwaram, Bangalore",7:00 Hrs,21:00 Hrs,,
PRO BNP,Laboratory, Isha Diagnostics,24 hrs,2900,10%,"Malleshwaram, Bangalore",7:00 Hrs,21:00 Hrs,,
PROTEIN / CREATININE RATIO - URINE (RANDOM),Laboratory, Isha Diagnostics,24 hrs,1200,10%,"Malleshwaram, Bangalore",7:00 Hrs,21:00 Hrs,,
PROTEIN-C,Laboratory, Isha Diagnostics,24 hrs,3500,10%,"Malleshwaram, Bangalore",7:00 Hrs,21:00 Hrs,,
PROTEIN-S,Laboratory, Isha Diagnostics,24 hrs,3500,10%,"Malleshwaram, Bangalore",7:00 Hrs,21:00 Hrs,,
PSEUDOCHOLINESTERASE,Laboratory, Isha Diagnostics,24 hrs,1200,10%,"Malleshwaram, Bangalore",7:00 Hrs,21:00 Hrs,,
RANDOM  BLOOD SUGAR (RBS),Laboratory, Isha Diagnostics,24 hrs,50,10%,"Malleshwaram, Bangalore",7:00 Hrs,21:00 Hrs,,
RENAL FUNCTION TEST (RFT),Laboratory, Isha Diagnostics,24 hrs,1000,10%,"Malleshwaram, Bangalore",7:00 Hrs,21:00 Hrs,,
RHEUMATOID FACTOR (RA),Laboratory, Isha Diagnostics,24 hrs,350,10%,"Malleshwaram, Bangalore",7:00 Hrs,21:00 Hrs,,
SERUM  IGE,Laboratory, Isha Diagnostics,24 hrs,800,10%,"Malleshwaram, Bangalore",7:00 Hrs,21:00 Hrs,,
SERUM AMYLASE,Laboratory, Isha Diagnostics,24 hrs,500,10%,"Malleshwaram, Bangalore",7:00 Hrs,21:00 Hrs,,
SERUM BILIRUBIN,Laboratory, Isha Diagnostics,24 hrs,350,10%,"Malleshwaram, Bangalore",7:00 Hrs,21:00 Hrs,,
SERUM CALCIUM,Laboratory, Isha Diagnostics,24 hrs,250,10%,"Malleshwaram, Bangalore",7:00 Hrs,21:00 Hrs,,
SERUM CHLORIDE,Laboratory, Isha Diagnostics,24 hrs,200,10%,"Malleshwaram, Bangalore",7:00 Hrs,21:00 Hrs,,
SERUM CREATININE,Laboratory, Isha Diagnostics,24 hrs,250,10%,"Malleshwaram, Bangalore",7:00 Hrs,21:00 Hrs,,
SERUM ELECTROLYTES,Laboratory, Isha Diagnostics,24 hrs,500,10%,"Malleshwaram, Bangalore",7:00 Hrs,21:00 Hrs,,
SERUM GLOBULIN,Laboratory, Isha Diagnostics,24 hrs,200,10%,"Malleshwaram, Bangalore",7:00 Hrs,21:00 Hrs,,
SERUM LIGHT CHAINS,Laboratory, Isha Diagnostics,24 hrs,3500,10%,"Malleshwaram, Bangalore",7:00 Hrs,21:00 Hrs,,
SERUM PHOSPHORUS,Laboratory, Isha Diagnostics,24 hrs,600,10%,"Malleshwaram, Bangalore",7:00 Hrs,21:00 Hrs,,
SERUM POTASSIUM(K+),Laboratory, Isha Diagnostics,24 hrs,200,10%,"Malleshwaram, Bangalore",7:00 Hrs,21:00 Hrs,,
SERUM PROTEIN ELECTROPHORESIS,Laboratory, Isha Diagnostics,24 hrs,1800,10%,"Malleshwaram, Bangalore",7:00 Hrs,21:00 Hrs,,
SERUM SODIUM (Na+),Laboratory, Isha Diagnostics,24 hrs,200,10%,"Malleshwaram, Bangalore",7:00 Hrs,21:00 Hrs,,
SERUM TRIGLYCERIDES,Laboratory, Isha Diagnostics,24 hrs,250,10%,"Malleshwaram, Bangalore",7:00 Hrs,21:00 Hrs,,
SERUM URIC ACID,Laboratory, Isha Diagnostics,24 hrs,250,10%,"Malleshwaram, Bangalore",7:00 Hrs,21:00 Hrs,,
TC/HDL,Laboratory, Isha Diagnostics,24 hrs,400,10%,"Malleshwaram, Bangalore",7:00 Hrs,21:00 Hrs,,
TOTAL CHOLESTEROL,Laboratory, Isha Diagnostics,24 hrs,250,10%,"Malleshwaram, Bangalore",7:00 Hrs,21:00 Hrs,,
TOTAL IRON BINDING CAPACITY (TIBC),Laboratory, Isha Diagnostics,24 hrs,400,10%,"Malleshwaram, Bangalore",7:00 Hrs,21:00 Hrs,,
TOTAL PROTEIN,Laboratory, Isha Diagnostics,24 hrs,250,10%,"Malleshwaram, Bangalore",7:00 Hrs,21:00 Hrs,,
TRANSFERRIN,Laboratory, Isha Diagnostics,24 hrs,600,10%,"Malleshwaram, Bangalore",7:00 Hrs,21:00 Hrs,,
TRANSFERRIN SATURATION,Laboratory, Isha Diagnostics,24 hrs,600,10%,"Malleshwaram, Bangalore",7:00 Hrs,21:00 Hrs,,
UIBC,Laboratory, Isha Diagnostics,24 hrs,400,10%,"Malleshwaram, Bangalore",7:00 Hrs,21:00 Hrs,,
URINE COPPER,Laboratory, Isha Diagnostics,24 hrs,1800,10%,"Malleshwaram, Bangalore",7:00 Hrs,21:00 Hrs,,
URINE HOMOCYSTEINE,Laboratory, Isha Diagnostics,24 hrs,1500,10%,"Malleshwaram, Bangalore",7:00 Hrs,21:00 Hrs,,
URINE MICROALBUMINUREA,Laboratory, Isha Diagnostics,24 hrs,650,10%,"Malleshwaram, Bangalore",7:00 Hrs,21:00 Hrs,,
VITAMIN E,Laboratory, Isha Diagnostics,24 hrs,3500,10%,"Malleshwaram, Bangalore",7:00 Hrs,21:00 Hrs,,
VLDL CHOLESTEROL,Laboratory, Isha Diagnostics,24 hrs,200,10%,"Malleshwaram, Bangalore",7:00 Hrs,21:00 Hrs,,
URINE ALBUMIN CREATININE RATIO,Laboratory, Isha Diagnostics,24 hrs,1000,10%,"Malleshwaram, Bangalore",7:00 Hrs,21:00 Hrs,,
ESTIMATED GLOMERULAR FILTRATION RATE (eGFR),Laboratory, Isha Diagnostics,24 hrs,1000,10%,"Malleshwaram, Bangalore",7:00 Hrs,21:00 Hrs,,
ACETYLCHOLINE RECEPTOR (AChR) ANTIBODY,Laboratory, Isha Diagnostics,24 hrs,4000,10%,"Malleshwaram, Bangalore",7:00 Hrs,21:00 Hrs,,
DIRECT BILURUBIN,Laboratory, Isha Diagnostics,24 hrs,200,10%,"Malleshwaram, Bangalore",7:00 Hrs,21:00 Hrs,,
INDERECT BILURBIN,Laboratory, Isha Diagnostics,24 hrs,200,10%,"Malleshwaram, Bangalore",7:00 Hrs,21:00 Hrs,,
TOTAL BIRUBIN,Laboratory, Isha Diagnostics,24 hrs,200,10%,"Malleshwaram, Bangalore",7:00 Hrs,21:00 Hrs,,
PLASMA HOMOCYSTEINE,Laboratory, Isha Diagnostics,24 hrs,1200,10%,"Malleshwaram, Bangalore",7:00 Hrs,21:00 Hrs,,
ZINC,Laboratory, Isha Diagnostics,24 hrs,1500,10%,"Malleshwaram, Bangalore",7:00 Hrs,21:00 Hrs,,
URINE CALCIUM CREATININE RATIO,Laboratory, Isha Diagnostics,24 hrs,1000,10%,"Malleshwaram, Bangalore",7:00 Hrs,21:00 Hrs,,
 URINE SODIUM,Laboratory, Isha Diagnostics,24 hrs,200,10%,"Malleshwaram, Bangalore",7:00 Hrs,21:00 Hrs,,
CD 19 FLOWCYTOMETRY,Laboratory, Isha Diagnostics,24 hrs,2500,10%,"Malleshwaram, Bangalore",7:00 Hrs,21:00 Hrs,,
CD 20 FLOWCYTOMETRY,Laboratory, Isha Diagnostics,24 hrs,4000,10%,"Malleshwaram, Bangalore",7:00 Hrs,21:00 Hrs,,
GLUCOSE,Laboratory, Isha Diagnostics,24 hrs,500,10%,"Malleshwaram, Bangalore",7:00 Hrs,21:00 Hrs,,
URINE ELECTROLTES,Laboratory, Isha Diagnostics,24 hrs,500,10%,"Malleshwaram, Bangalore",7:00 Hrs,21:00 Hrs,,
HLA B27 DNA Qualitative PCR,Laboratory, Isha Diagnostics,24 hrs,2000,10%,"Malleshwaram, Bangalore",7:00 Hrs,21:00 Hrs,,
POST LUNCH BLOOD SUGAR,Laboratory, Isha Diagnostics,24 hrs,50,10%,"Malleshwaram, Bangalore",7:00 Hrs,21:00 Hrs,,
CA-15.3,Laboratory, Isha Diagnostics,24 hrs,1500,10%,"Malleshwaram, Bangalore",7:00 Hrs,21:00 Hrs,,
VITAMIN C,Laboratory, Isha Diagnostics,24 hrs,3500,10%,"Malleshwaram, Bangalore",7:00 Hrs,21:00 Hrs,,
GAD 65 ANTIBODY,Laboratory, Isha Diagnostics,24 hrs,4000,10%,"Malleshwaram, Bangalore",7:00 Hrs,21:00 Hrs,,
Islet Cell Antibody,Laboratory, Isha Diagnostics,24 hrs,3500,10%,"Malleshwaram, Bangalore",7:00 Hrs,21:00 Hrs,,
24 Hrs Urine - HIAA,Laboratory, Isha Diagnostics,24 hrs,2000,10%,"Malleshwaram, Bangalore",7:00 Hrs,21:00 Hrs,,
Allergy Profile (Drug Only),Laboratory, Isha Diagnostics,24 hrs,6100,10%,"Malleshwaram, Bangalore",7:00 Hrs,21:00 Hrs,,
Allergy Profile (Non Veg Only),Laboratory, Isha Diagnostics,24 hrs,4500,10%,"Malleshwaram, Bangalore",7:00 Hrs,21:00 Hrs,,
ALLERGY PROFILE (VEG & NON VEG ONLY),Laboratory, Isha Diagnostics,24 hrs,5250,10%,"Malleshwaram, Bangalore",7:00 Hrs,21:00 Hrs,,
Allergy Profile (Veg Only),Laboratory, Isha Diagnostics,24 hrs,4500,10%,"Malleshwaram, Bangalore",7:00 Hrs,21:00 Hrs,,
Arsenic,Laboratory, Isha Diagnostics,24 hrs,1500,10%,"Malleshwaram, Bangalore",7:00 Hrs,21:00 Hrs,,
Arsenic (Urine),Laboratory, Isha Diagnostics,24 hrs,1500,10%,"Malleshwaram, Bangalore",7:00 Hrs,21:00 Hrs,,
LEAD,Laboratory, Isha Diagnostics,24 hrs,1500,10%,"Malleshwaram, Bangalore",7:00 Hrs,21:00 Hrs,,
URINE FOR POTASSIUM(K+),Laboratory, Isha Diagnostics,24 hrs,200,10%,"Malleshwaram, Bangalore",7:00 Hrs,21:00 Hrs,,
SCRUB TYPHUS,Laboratory, Isha Diagnostics,24 hrs,1500,10%,"Malleshwaram, Bangalore",7:00 Hrs,21:00 Hrs,,
SERUM CALCITONIN,Laboratory, Isha Diagnostics,24 hrs,1500,10%,"Malleshwaram, Bangalore",7:00 Hrs,21:00 Hrs,,
24 Hrs Urinary Microalbumin,Laboratory, Isha Diagnostics,24 hrs,900,10%,"Malleshwaram, Bangalore",7:00 Hrs,21:00 Hrs,,
Herpes Simplex Virus 1 & 2 DNA Qualitative PCR,Laboratory, Isha Diagnostics,24 hrs,4000,10%,"Malleshwaram, Bangalore",7:00 Hrs,21:00 Hrs,,
URINE PHOSPHORUS,Laboratory, Isha Diagnostics,24 hrs,400,10%,"Malleshwaram, Bangalore",7:00 Hrs,21:00 Hrs,,
AQP4 (NMO-IgG) Autoantibody Test,Laboratory, Isha Diagnostics,24 hrs,6000,10%,"Malleshwaram, Bangalore",7:00 Hrs,21:00 Hrs,,
ERYTHROPOIETIN (EPO),Laboratory, Isha Diagnostics,24 hrs,2000,10%,"Malleshwaram, Bangalore",7:00 Hrs,21:00 Hrs,,
ISHA COVID-19 VACCINATION,Laboratory, Isha Diagnostics,24 hrs,250,10%,"Malleshwaram, Bangalore",7:00 Hrs,21:00 Hrs,,
AUTOIMMUNE ENCEPHALITIS PANEL,Laboratory, Isha Diagnostics,24 hrs,10500,10%,"Malleshwaram, Bangalore",7:00 Hrs,21:00 Hrs,,
Epstein Barr Virus( viral capsid antigen) IgM,Laboratory, Isha Diagnostics,24 hrs,2000,10%,"Malleshwaram, Bangalore",7:00 Hrs,21:00 Hrs,,
URINE SPOT PROTEIN,Laboratory, Isha Diagnostics,24 hrs,200,10%,"Malleshwaram, Bangalore",7:00 Hrs,21:00 Hrs,,
DUAL MARKER with GRAPH,Laboratory, Isha Diagnostics,24 hrs,4000,10%,"Malleshwaram, Bangalore",7:00 Hrs,21:00 Hrs,,
OSTEOCALCIN,Laboratory, Isha Diagnostics,24 hrs,2000,10%,"Malleshwaram, Bangalore",7:00 Hrs,21:00 Hrs,,
SEMEN FRUCTOSE(SUGAR),Laboratory, Isha Diagnostics,24 hrs,50,10%,"Malleshwaram, Bangalore",7:00 Hrs,21:00 Hrs,,
AMPHETAMINE-URINE,Laboratory, Isha Diagnostics,24 hrs,600,10%,"Malleshwaram, Bangalore",7:00 Hrs,21:00 Hrs,,
COCAINE- URINE,Laboratory, Isha Diagnostics,24 hrs,500,10%,"Malleshwaram, Bangalore",7:00 Hrs,21:00 Hrs,,
METHADONE-URINE,Laboratory, Isha Diagnostics,24 hrs,600,10%,"Malleshwaram, Bangalore",7:00 Hrs,21:00 Hrs,,
OPIATES- URINE ,Laboratory, Isha Diagnostics,24 hrs,500,10%,"Malleshwaram, Bangalore",7:00 Hrs,21:00 Hrs,,
"TB GOLD PLUS, INTERFERON GAMMA RELEASE ASSAY (IGRA)",Laboratory, Isha Diagnostics,24 hrs,5000,10%,"Malleshwaram, Bangalore",7:00 Hrs,21:00 Hrs,,
TOXICOLOGY PANEL,Laboratory, Isha Diagnostics,24 hrs,3700,10%,"Malleshwaram, Bangalore",7:00 Hrs,21:00 Hrs,,
BARBITURATES-URINE,Laboratory, Isha Diagnostics,24 hrs,1000,10%,"Malleshwaram, Bangalore",7:00 Hrs,21:00 Hrs,,
HAPTOGLOBULIN,Laboratory, Isha Diagnostics,24 hrs,1500,10%,"Malleshwaram, Bangalore",7:00 Hrs,21:00 Hrs,,
HLA Crossmatch and Donor Specific Antigen (DSA),Laboratory, Isha Diagnostics,24 hrs,11500,10%,"Malleshwaram, Bangalore",7:00 Hrs,21:00 Hrs,,
FLUID - URIC ACID,Laboratory, Isha Diagnostics,24 hrs,250,10%,"Malleshwaram, Bangalore",7:00 Hrs,21:00 Hrs,,
ROMA - Index Test,Laboratory, Isha Diagnostics,24 hrs,3450,10%,"Malleshwaram, Bangalore",7:00 Hrs,21:00 Hrs,,
Myoglobulin (Serum),Laboratory, Isha Diagnostics,24 hrs,1200,10%,"Malleshwaram, Bangalore",7:00 Hrs,21:00 Hrs,,
Serum Digoxin Level,Laboratory, Isha Diagnostics,24 hrs,1800,10%,"Malleshwaram, Bangalore",7:00 Hrs,21:00 Hrs,,
URINE  AMYLASE,Laboratory, Isha Diagnostics,24 hrs,400,10%,"Malleshwaram, Bangalore",7:00 Hrs,21:00 Hrs,,
FLUID AMYLASE,Laboratory, Isha Diagnostics,24 hrs,500,10%,"Malleshwaram, Bangalore",7:00 Hrs,21:00 Hrs,,
HOMA Index with Insulin,Laboratory, Isha Diagnostics,24 hrs,4000,10%,"Malleshwaram, Bangalore",7:00 Hrs,21:00 Hrs,,
POST GLUCOSE BLOOD SUGAR (PGBS),Laboratory, Isha Diagnostics,24 hrs,550,10%,"Malleshwaram, Bangalore",7:00 Hrs,21:00 Hrs,,
URINE FOR TOXICOLOGY,Laboratory, Isha Diagnostics,24 hrs,4250,10%,"Malleshwaram, Bangalore",7:00 Hrs,21:00 Hrs,,
 Allergy Profile with Drugs,Laboratory, Isha Diagnostics,24 hrs,5000,10%,"Malleshwaram, Bangalore",7:00 Hrs,21:00 Hrs,,
METHOTREXATE,Laboratory, Isha Diagnostics,24 hrs,2900,10%,"Malleshwaram, Bangalore",7:00 Hrs,21:00 Hrs,,
PLA2 receptor antibody ,Laboratory, Isha Diagnostics,24 hrs,6000,10%,"Malleshwaram, Bangalore",7:00 Hrs,21:00 Hrs,,
URINE PROTEIN,Laboratory, Isha Diagnostics,24 hrs,800,10%,"Malleshwaram, Bangalore",7:00 Hrs,21:00 Hrs,,
CLOSTRIDIUM DIFFICILE GDH REFLEX TOXIN A/B,Laboratory, Isha Diagnostics,24 hrs,4000,10%,"Malleshwaram, Bangalore",7:00 Hrs,21:00 Hrs,,
CRYOGLOBULINS,Laboratory, Isha Diagnostics,24 hrs,1200,10%,"Malleshwaram, Bangalore",7:00 Hrs,21:00 Hrs,,
DOPAMINE â€ŽPlasmaâ€Ž,Laboratory, Isha Diagnostics,24 hrs,3200,10%,"Malleshwaram, Bangalore",7:00 Hrs,21:00 Hrs,,
SELENIUM,Laboratory, Isha Diagnostics,24 hrs,1200,10%,"Malleshwaram, Bangalore",7:00 Hrs,21:00 Hrs,,
Blood Urea Nitrogen (BUN)/Creatinine,Laboratory, Isha Diagnostics,24 hrs,250,10%,"Malleshwaram, Bangalore",7:00 Hrs,21:00 Hrs,,
PARATHYROID PROFILE,Laboratory, Isha Diagnostics,24 hrs,4450,10%,"Malleshwaram, Bangalore",7:00 Hrs,21:00 Hrs,,
FLUID CHLORIDES (CL),Laboratory, Isha Diagnostics,24 hrs,200,10%,"Malleshwaram, Bangalore",7:00 Hrs,21:00 Hrs,,
LEPTIN HUMAN SERUM,Laboratory, Isha Diagnostics,24 hrs,5000,10%,"Malleshwaram, Bangalore",7:00 Hrs,21:00 Hrs,,
ASPERGILLUS FUMIGATUS IGG ANTIBODY,Laboratory, Isha Diagnostics,24 hrs,1200,10%,"Malleshwaram, Bangalore",7:00 Hrs,21:00 Hrs,,
FRUCTOSAMINE,Laboratory, Isha Diagnostics,24 hrs,1500,10%,"Malleshwaram, Bangalore",7:00 Hrs,21:00 Hrs,,
HOMA Index with C-Peptide,Laboratory, Isha Diagnostics,24 hrs,4000,10%,"Malleshwaram, Bangalore",7:00 Hrs,21:00 Hrs,,
Urine Uric Acid,Laboratory, Isha Diagnostics,24 hrs,250,10%,"Malleshwaram, Bangalore",7:00 Hrs,21:00 Hrs,,
ALPHA-1 ANTITRYPSIN (AAT),Laboratory, Isha Diagnostics,24 hrs,1200,10%,"Malleshwaram, Bangalore",7:00 Hrs,21:00 Hrs,,
ALUMINIUM,Laboratory, Isha Diagnostics,24 hrs,1500,10%,"Malleshwaram, Bangalore",7:00 Hrs,21:00 Hrs,,
KFT (W/O) ELECTROLYTES,Laboratory, Isha Diagnostics,24 hrs,500,10%,"Malleshwaram, Bangalore",7:00 Hrs,21:00 Hrs,,
LDH - Ascitic Fluid,Laboratory, Isha Diagnostics,24 hrs,400,10%,"Malleshwaram, Bangalore",7:00 Hrs,21:00 Hrs,,
LDH - CSF,Laboratory, Isha Diagnostics,24 hrs,400,10%,"Malleshwaram, Bangalore",7:00 Hrs,21:00 Hrs,,
LDH - Pleural Fluid,Laboratory, Isha Diagnostics,24 hrs,400,10%,"Malleshwaram, Bangalore",7:00 Hrs,21:00 Hrs,,
RHEUMATIC FACTOR IGM ANTIBODY,Laboratory, Isha Diagnostics,24 hrs,500,10%,"Malleshwaram, Bangalore",7:00 Hrs,21:00 Hrs,,
LDH - Fluid,Laboratory, Isha Diagnostics,24 hrs,400,10%,"Malleshwaram, Bangalore",7:00 Hrs,21:00 Hrs,,
 CORTISOL (7 to 9 AM),Laboratory, Isha Diagnostics,24 hrs,900,10%,"Malleshwaram, Bangalore",7:00 Hrs,21:00 Hrs,,
17-OH-PROGESTERONE,Laboratory, Isha Diagnostics,24 hrs,1000,10%,"Malleshwaram, Bangalore",7:00 Hrs,21:00 Hrs,,
24 HRS URINARY COPPER,Laboratory, Isha Diagnostics,24 hrs,3000,10%,"Malleshwaram, Bangalore",7:00 Hrs,21:00 Hrs,,
24 HRS URINARY CORTISOL,Laboratory, Isha Diagnostics,24 hrs,1200,10%,"Malleshwaram, Bangalore",7:00 Hrs,21:00 Hrs,,
25-HYDROXY VITAMIN D TOTAL (D2 & D3),Laboratory, Isha Diagnostics,24 hrs,1500,10%,"Malleshwaram, Bangalore",7:00 Hrs,21:00 Hrs,,
AFP,Laboratory, Isha Diagnostics,24 hrs,1000,10%,"Malleshwaram, Bangalore",7:00 Hrs,21:00 Hrs,,
ANGIOTENSIN CONVERTING ENZYME (ACE),Laboratory, Isha Diagnostics,24 hrs,1500,10%,"Malleshwaram, Bangalore",7:00 Hrs,21:00 Hrs,,
ANTI Ds DNA,Laboratory, Isha Diagnostics,24 hrs,1500,10%,"Malleshwaram, Bangalore",7:00 Hrs,21:00 Hrs,,
ANTI HAV IGM,Laboratory, Isha Diagnostics,24 hrs,1200,10%,"Malleshwaram, Bangalore",7:00 Hrs,21:00 Hrs,,
ANTI MULLERIAN HORMONE(AMH),Laboratory, Isha Diagnostics,24 hrs,1800,10%,"Malleshwaram, Bangalore",7:00 Hrs,21:00 Hrs,,
ANTI SMOOTH MUSCLE ANTIBODY (ASMA) - IFA,Laboratory, Isha Diagnostics,24 hrs,3500,10%,"Malleshwaram, Bangalore",7:00 Hrs,21:00 Hrs,,
ANTI THYROID ANTIBODY (ANTI TG/THYROGLOBULIN),Laboratory, Isha Diagnostics,24 hrs,1200,10%,"Malleshwaram, Bangalore",7:00 Hrs,21:00 Hrs,,
CA - 125,Laboratory, Isha Diagnostics,24 hrs,1200,10%,"Malleshwaram, Bangalore",7:00 Hrs,21:00 Hrs,,
CA-19.9,Laboratory, Isha Diagnostics,24 hrs,1900,10%,"Malleshwaram, Bangalore",7:00 Hrs,21:00 Hrs,,
CEA,Laboratory, Isha Diagnostics,24 hrs,1200,10%,"Malleshwaram, Bangalore",7:00 Hrs,21:00 Hrs,,
CEROLOPLASMIN,Laboratory, Isha Diagnostics,24 hrs,2000,10%,"Malleshwaram, Bangalore",7:00 Hrs,21:00 Hrs,,
CORTISOL SERUM (3 to 5 pm),Laboratory, Isha Diagnostics,24 hrs,900,10%,"Malleshwaram, Bangalore",7:00 Hrs,21:00 Hrs,,
ESTRADIOL ,Laboratory, Isha Diagnostics,24 hrs,800,10%,"Malleshwaram, Bangalore",7:00 Hrs,21:00 Hrs,,
FERRITIN,Laboratory, Isha Diagnostics,24 hrs,480,10%,"Malleshwaram, Bangalore",7:00 Hrs,21:00 Hrs,,
FSH,Laboratory, Isha Diagnostics,24 hrs,450,10%,"Malleshwaram, Bangalore",7:00 Hrs,21:00 Hrs,,
FT3,Laboratory, Isha Diagnostics,24 hrs,600,10%,"Malleshwaram, Bangalore",7:00 Hrs,21:00 Hrs,,
FT4,Laboratory, Isha Diagnostics,24 hrs,600,10%,"Malleshwaram, Bangalore",7:00 Hrs,21:00 Hrs,,
HLAB-27 ,Laboratory, Isha Diagnostics,24 hrs,2000,10%,"Malleshwaram, Bangalore",7:00 Hrs,21:00 Hrs,,
LH,Laboratory, Isha Diagnostics,24 hrs,450,10%,"Malleshwaram, Bangalore",7:00 Hrs,21:00 Hrs,,
PROGESTERONE,Laboratory, Isha Diagnostics,24 hrs,800,10%,"Malleshwaram, Bangalore",7:00 Hrs,21:00 Hrs,,
PROLACTIN,Laboratory, Isha Diagnostics,24 hrs,450,10%,"Malleshwaram, Bangalore",7:00 Hrs,21:00 Hrs,,
PSA,Laboratory, Isha Diagnostics,24 hrs,800,10%,"Malleshwaram, Bangalore",7:00 Hrs,21:00 Hrs,,
SERUM HOMOCYSTEINE,Laboratory, Isha Diagnostics,24 hrs,1200,10%,"Malleshwaram, Bangalore",7:00 Hrs,21:00 Hrs,,
T3,Laboratory, Isha Diagnostics,24 hrs,300,10%,"Malleshwaram, Bangalore",7:00 Hrs,21:00 Hrs,,
T4,Laboratory, Isha Diagnostics,24 hrs,300,10%,"Malleshwaram, Bangalore",7:00 Hrs,21:00 Hrs,,
TESTOSTERONE TOTAL,Laboratory, Isha Diagnostics,24 hrs,1100,10%,"Malleshwaram, Bangalore",7:00 Hrs,21:00 Hrs,,
"THYROID PROFILE (T3, T4, TSH)",Laboratory, Isha Diagnostics,24 hrs,550,10%,"Malleshwaram, Bangalore",7:00 Hrs,21:00 Hrs,,
TORCH IgG,Laboratory, Isha Diagnostics,24 hrs,1500,10%,"Malleshwaram, Bangalore",7:00 Hrs,21:00 Hrs,,
TORCH IgM,Laboratory, Isha Diagnostics,24 hrs,1500,10%,"Malleshwaram, Bangalore",7:00 Hrs,21:00 Hrs,,
Total ÃŸHCG,Laboratory, Isha Diagnostics,24 hrs,800,10%,"Malleshwaram, Bangalore",7:00 Hrs,21:00 Hrs,,
TRIPLE MARKER WITH GRAPH ,Laboratory, Isha Diagnostics,24 hrs,3500,10%,"Malleshwaram, Bangalore",7:00 Hrs,21:00 Hrs,,
TROPONIN l,Laboratory, Isha Diagnostics,24 hrs,900,10%,"Malleshwaram, Bangalore",7:00 Hrs,21:00 Hrs,,
TSH,Laboratory, Isha Diagnostics,24 hrs,300,10%,"Malleshwaram, Bangalore",7:00 Hrs,21:00 Hrs,,
VITAMIN B-12,Laboratory, Isha Diagnostics,24 hrs,1200,10%,"Malleshwaram, Bangalore",7:00 Hrs,21:00 Hrs,,
VITAMIN B1,Laboratory, Isha Diagnostics,24 hrs,3500,10%,"Malleshwaram, Bangalore",7:00 Hrs,21:00 Hrs,,
VITAMIN B2(Riboflavin),Laboratory, Isha Diagnostics,24 hrs,3500,10%,"Malleshwaram, Bangalore",7:00 Hrs,21:00 Hrs,,
VITAMIN B6,Laboratory, Isha Diagnostics,24 hrs,3500,10%,"Malleshwaram, Bangalore",7:00 Hrs,21:00 Hrs,,
FSH + LH + PROLACTIN,Laboratory, Isha Diagnostics,24 hrs,1200,10%,"Malleshwaram, Bangalore",7:00 Hrs,21:00 Hrs,,
TESTOSTERONE-FREE,Laboratory, Isha Diagnostics,24 hrs,1600,10%,"Malleshwaram, Bangalore",7:00 Hrs,21:00 Hrs,,
THROMBOPHILIA PROFILE2,Laboratory, Isha Diagnostics,24 hrs,6000,10%,"Malleshwaram, Bangalore",7:00 Hrs,21:00 Hrs,,
TISSUE TRANSGLUTAMINASE ANTIBODY - IGA,Laboratory, Isha Diagnostics,24 hrs,1200,10%,"Malleshwaram, Bangalore",7:00 Hrs,21:00 Hrs,,
DEHYDRO EPIANDROSTERONE SULPHATE (DHEAS),Laboratory, Isha Diagnostics,24 hrs,1500,10%,"Malleshwaram, Bangalore",7:00 Hrs,21:00 Hrs,,
VITAMIN A,Laboratory, Isha Diagnostics,24 hrs,3500,10%,"Malleshwaram, Bangalore",7:00 Hrs,21:00 Hrs,,
ANTI-CCP,Laboratory, Isha Diagnostics,24 hrs,2000,10%,"Malleshwaram, Bangalore",7:00 Hrs,21:00 Hrs,,
*ANTI SOLUBLE LIVER ANTIGEN (SLA),Laboratory, Isha Diagnostics,24 hrs,3000,10%,"Malleshwaram, Bangalore",7:00 Hrs,21:00 Hrs,,
BILE-ACIDS TOTAL,Laboratory, Isha Diagnostics,24 hrs,1600,10%,"Malleshwaram, Bangalore",7:00 Hrs,21:00 Hrs,,
Interleukin 6,Laboratory, Isha Diagnostics,24 hrs,2450,10%,"Malleshwaram, Bangalore",7:00 Hrs,21:00 Hrs,,
ANTI DIURETIC HORMONE (ADH),Laboratory, Isha Diagnostics,24 hrs,2500,10%,"Malleshwaram, Bangalore",7:00 Hrs,21:00 Hrs,,
SEX HORMONE BINDING GLOBULIN (SHBG),Laboratory, Isha Diagnostics,24 hrs,1800,10%,"Malleshwaram, Bangalore",7:00 Hrs,21:00 Hrs,,
TSH Receptor Antibody,Laboratory, Isha Diagnostics,24 hrs,6000,10%,"Malleshwaram, Bangalore",7:00 Hrs,21:00 Hrs,,
BETA 2 MICROGLOBULIN,Laboratory, Isha Diagnostics,24 hrs,2000,10%,"Malleshwaram, Bangalore",7:00 Hrs,21:00 Hrs,,
FSH/LH RATIO,Laboratory, Isha Diagnostics,24 hrs,300,10%,"Malleshwaram, Bangalore",7:00 Hrs,21:00 Hrs,,
ANTIâ€MUSK ANTIBODIES,Laboratory, Isha Diagnostics,24 hrs,2500,10%,"Malleshwaram, Bangalore",7:00 Hrs,21:00 Hrs,,
APOLIPOPROTEIN A1 (APO-A1)*,Laboratory, Isha Diagnostics,24 hrs,1000,10%,"Malleshwaram, Bangalore",7:00 Hrs,21:00 Hrs,,
APOLIPOPROTEIN B (APO-B)*,Laboratory, Isha Diagnostics,24 hrs,1000,10%,"Malleshwaram, Bangalore",7:00 Hrs,21:00 Hrs,,
INSULIN - LIKE GROWTH FACTOR (IGF-I),Laboratory, Isha Diagnostics,24 hrs,4500,10%,"Malleshwaram, Bangalore",7:00 Hrs,21:00 Hrs,,
LIPOPROTEIN A (LP-A),Laboratory, Isha Diagnostics,24 hrs,1000,10%,"Malleshwaram, Bangalore",7:00 Hrs,21:00 Hrs,,
ALDOSTERONE,Laboratory, Isha Diagnostics,24 hrs,2500,10%,"Malleshwaram, Bangalore",7:00 Hrs,21:00 Hrs,,
Dehydroepiandrosterone (DHEA),Laboratory, Isha Diagnostics,24 hrs,2000,10%,"Malleshwaram, Bangalore",7:00 Hrs,21:00 Hrs,,
HLA-B 5701,Laboratory, Isha Diagnostics,24 hrs,5000,10%,"Malleshwaram, Bangalore",7:00 Hrs,21:00 Hrs,,
MOG-NMOSD - SERUM,Laboratory, Isha Diagnostics,24 hrs,10000,10%,"Malleshwaram, Bangalore",7:00 Hrs,21:00 Hrs,,
IA2 - INSULIN,Laboratory, Isha Diagnostics,24 hrs,3600,10%,"Malleshwaram, Bangalore",7:00 Hrs,21:00 Hrs,,
RENIN ACTIVITY,Laboratory, Isha Diagnostics,24 hrs,3000,10%,"Malleshwaram, Bangalore",7:00 Hrs,21:00 Hrs,,
THYROGLOBULIN,Laboratory, Isha Diagnostics,24 hrs,1000,10%,"Malleshwaram, Bangalore",7:00 Hrs,21:00 Hrs,,
NMO,Laboratory, Isha Diagnostics,24 hrs,6000,10%,"Malleshwaram, Bangalore",7:00 Hrs,21:00 Hrs,,
PSA - Free,Laboratory, Isha Diagnostics,24 hrs,1200,10%,"Malleshwaram, Bangalore",7:00 Hrs,21:00 Hrs,,
SARS CoV 2 Antibody IgG,Laboratory, Isha Diagnostics,24 hrs,1490,10%,"Malleshwaram, Bangalore",7:00 Hrs,21:00 Hrs,,
THALASSEMIA SCREEN,Laboratory, Isha Diagnostics,24 hrs,1200,10%,"Malleshwaram, Bangalore",7:00 Hrs,21:00 Hrs,,
PARANEOPLASTIC NEURONAL AB - Serum,Laboratory, Isha Diagnostics,24 hrs,8000,10%,"Malleshwaram, Bangalore",7:00 Hrs,21:00 Hrs,,
Anti Mitochondrial Antibody - IFA,Laboratory, Isha Diagnostics,24 hrs,2300,10%,"Malleshwaram, Bangalore",7:00 Hrs,21:00 Hrs,,
LIVER-KIDNEY MICROSOME (LKM) - 1 ANTIBODY,Laboratory, Isha Diagnostics,24 hrs,2000,10%,"Malleshwaram, Bangalore",7:00 Hrs,21:00 Hrs,,
CENTROMERE IGG ANTIBODY,Laboratory, Isha Diagnostics,24 hrs,2000,10%,"Malleshwaram, Bangalore",7:00 Hrs,21:00 Hrs,,
PARIETAL CELL ANTIBODY,Laboratory, Isha Diagnostics,24 hrs,1500,10%,"Malleshwaram, Bangalore",7:00 Hrs,21:00 Hrs,,
SCL-70 ANTIBODY,Laboratory, Isha Diagnostics,24 hrs,2000,10%,"Malleshwaram, Bangalore",7:00 Hrs,21:00 Hrs,,
GANGILOSIDE IGG ANTIBODY,Laboratory, Isha Diagnostics,24 hrs,3000,10%,"Malleshwaram, Bangalore",7:00 Hrs,21:00 Hrs,,
Echinococcus Antibody IgG (Hydatid serology),Laboratory, Isha Diagnostics,24 hrs,1000,10%,"Malleshwaram, Bangalore",7:00 Hrs,21:00 Hrs,,
5-DIHYDROTESTOSTERONE,Laboratory, Isha Diagnostics,24 hrs,2000,10%,"Malleshwaram, Bangalore",7:00 Hrs,21:00 Hrs,,
Anti SS-A / RO Antibody,Laboratory, Isha Diagnostics,24 hrs,1200,10%,"Malleshwaram, Bangalore",7:00 Hrs,21:00 Hrs,,
Y CHROMOSOME MICRODELETION,Laboratory, Isha Diagnostics,24 hrs,4500,10%,"Malleshwaram, Bangalore",7:00 Hrs,21:00 Hrs,,
1-25-OH Vitamin D,Laboratory, Isha Diagnostics,24 hrs,2500,10%,"Malleshwaram, Bangalore",7:00 Hrs,21:00 Hrs,,
PLA2 Receptor Antibody,Laboratory, Isha Diagnostics,24 hrs,4500,10%,"Malleshwaram, Bangalore",7:00 Hrs,21:00 Hrs,,
PLASMA FOLATE,Laboratory, Isha Diagnostics,24 hrs,2000,10%,"Malleshwaram, Bangalore",7:00 Hrs,21:00 Hrs,,
INTRINSIC FACTOR ANTIBODY,Laboratory, Isha Diagnostics,24 hrs,3200,10%,"Malleshwaram, Bangalore",7:00 Hrs,21:00 Hrs,,
FREE ANDROGEN INDEX,Laboratory, Isha Diagnostics,24 hrs,1000,10%,"Malleshwaram, Bangalore",7:00 Hrs,21:00 Hrs,,
IA2 INSULIN AUTOANTIBODIES,Laboratory, Isha Diagnostics,24 hrs,3800,10%,"Malleshwaram, Bangalore",7:00 Hrs,21:00 Hrs,,
"1,25 DIHYDROXYVITAMIN D",Laboratory, Isha Diagnostics,24 hrs,3950,10%,"Malleshwaram, Bangalore",7:00 Hrs,21:00 Hrs,,
ANTI MICROSOMAL ANTIBODY(ANTI TPO),Laboratory, Isha Diagnostics,24 hrs,1200,10%,"Malleshwaram, Bangalore",7:00 Hrs,21:00 Hrs,,
CORTISOL SERUM RANDOM,Laboratory, Isha Diagnostics,24 hrs,900,10%,"Malleshwaram, Bangalore",7:00 Hrs,21:00 Hrs,,
HELICOBACTER PYLORI ANTIGEN DETECTION,Laboratory, Isha Diagnostics,24 hrs,2500,10%,"Malleshwaram, Bangalore",7:00 Hrs,21:00 Hrs,,
MACROPROLACTIN LEVELS,Laboratory, Isha Diagnostics,24 hrs,2000,10%,"Malleshwaram, Bangalore",7:00 Hrs,21:00 Hrs,,
CORTISOL 30 MIN,Laboratory, Isha Diagnostics,24 hrs,900,10%,"Malleshwaram, Bangalore",7:00 Hrs,21:00 Hrs,,
 ANTI NUCLEAR ANTIBODY (ANA IFA),Laboratory, Isha Diagnostics,24 hrs,1800,10%,"Malleshwaram, Bangalore",7:00 Hrs,21:00 Hrs,,
ANA PROFILE,Laboratory, Isha Diagnostics,24 hrs,3600,10%,"Malleshwaram, Bangalore",7:00 Hrs,21:00 Hrs,,
"ANTI CARDIOLIPIN ANTIBODIES, IGG",Laboratory, Isha Diagnostics,24 hrs,1200,10%,"Malleshwaram, Bangalore",7:00 Hrs,21:00 Hrs,,
"ANTI CARDIOLIPIN ANTIBODIES, IGM",Laboratory, Isha Diagnostics,24 hrs,1200,10%,"Malleshwaram, Bangalore",7:00 Hrs,21:00 Hrs,,
ANTI NUCLEAR ANTIBODY (ANA),Laboratory, Isha Diagnostics,24 hrs,800,10%,"Malleshwaram, Bangalore",7:00 Hrs,21:00 Hrs,,
"ANTI PHOSPHOLIPID ANTIBODY, IGG",Laboratory, Isha Diagnostics,24 hrs,1000,10%,"Malleshwaram, Bangalore",7:00 Hrs,21:00 Hrs,,
"ANTI PHOSPHOLIPID ANTIBODY, IGM",Laboratory, Isha Diagnostics,24 hrs,1000,10%,"Malleshwaram, Bangalore",7:00 Hrs,21:00 Hrs,,
Anti Sperm Antibody (ASAB)*,Laboratory, Isha Diagnostics,24 hrs,1200,10%,"Malleshwaram, Bangalore",7:00 Hrs,21:00 Hrs,,
C-ANCA,Laboratory, Isha Diagnostics,24 hrs,1800,10%,"Malleshwaram, Bangalore",7:00 Hrs,21:00 Hrs,,
CD3/CD4/CD8/CD45,Laboratory, Isha Diagnostics,24 hrs,1800,10%,"Malleshwaram, Bangalore",7:00 Hrs,21:00 Hrs,,
CHIKUNGUNYA ANTIBODIES,Laboratory, Isha Diagnostics,24 hrs,1200,10%,"Malleshwaram, Bangalore",7:00 Hrs,21:00 Hrs,,
CYTOMEGALO VIRUS (CMV.IG M),Laboratory, Isha Diagnostics,24 hrs,900,10%,"Malleshwaram, Bangalore",7:00 Hrs,21:00 Hrs,,
"CYTOMEGALO VIRUS.(CMV, IGG)",Laboratory, Isha Diagnostics,24 hrs,900,10%,"Malleshwaram, Bangalore",7:00 Hrs,21:00 Hrs,,
DENGUE ANTIGENS (NS1),Laboratory, Isha Diagnostics,24 hrs,600,10%,"Malleshwaram, Bangalore",7:00 Hrs,21:00 Hrs,,
"DENGUE PROFILE (IgG, IgM & Ns1Ag)",Laboratory, Isha Diagnostics,24 hrs,1200,10%,"Malleshwaram, Bangalore",7:00 Hrs,21:00 Hrs,,
HBsAg ELISA,Laboratory, Isha Diagnostics,24 hrs,1200,10%,"Malleshwaram, Bangalore",7:00 Hrs,21:00 Hrs,,
HEPATITIS A VIRUS ANTIBODY (HAV),Laboratory, Isha Diagnostics,24 hrs,1200,10%,"Malleshwaram, Bangalore",7:00 Hrs,21:00 Hrs,,
"HEPATITIS B CORE ANTIBODY  (TOTAL ),  ANTI HBC TOTAL",Laboratory, Isha Diagnostics,24 hrs,1500,10%,"Malleshwaram, Bangalore",7:00 Hrs,21:00 Hrs,,
"HEPATITIS B CORE ANTIBODY,IGM             (ANTI HBC IGM)",Laboratory, Isha Diagnostics,24 hrs,1500,10%,"Malleshwaram, Bangalore",7:00 Hrs,21:00 Hrs,,
HEPATITIS B E ANTIGEN (HBeAg),Laboratory, Isha Diagnostics,24 hrs,1000,10%,"Malleshwaram, Bangalore",7:00 Hrs,21:00 Hrs,,
"HEPATITIS B SURFACE ANTIGEN SCREENING, (HBSAG)",Laboratory, Isha Diagnostics,24 hrs,600,10%,"Malleshwaram, Bangalore",7:00 Hrs,21:00 Hrs,,
HEPATITIS C VIRUS ( HCV ) ELISA,Laboratory, Isha Diagnostics,24 hrs,1200,10%,"Malleshwaram, Bangalore",7:00 Hrs,21:00 Hrs,,
"HEPATITIS C VIRUS ANTIBODY, SCREENING (HCV),",Laboratory, Isha Diagnostics,24 hrs,600,10%,"Malleshwaram, Bangalore",7:00 Hrs,21:00 Hrs,,
"HEPATITIS E VIRUS ANTIBODY,IGM SCREENING (HEV)",Laboratory, Isha Diagnostics,24 hrs,600,10%,"Malleshwaram, Bangalore",7:00 Hrs,21:00 Hrs,,
HERPES SIMPLEX VIRUS 1 & 2 (IGG & IGM),Laboratory, Isha Diagnostics,24 hrs,3200,10%,"Malleshwaram, Bangalore",7:00 Hrs,21:00 Hrs,,
HIGH SENSITIVE C-REACTIVE PROTEIN,Laboratory, Isha Diagnostics,24 hrs,1200,10%,"Malleshwaram, Bangalore",7:00 Hrs,21:00 Hrs,,
HIV 1 & 2 - ELISA,Laboratory, Isha Diagnostics,24 hrs,1200,10%,"Malleshwaram, Bangalore",7:00 Hrs,21:00 Hrs,,
HIV SCREENING (NACO GUIDELINES),Laboratory, Isha Diagnostics,24 hrs,600,10%,"Malleshwaram, Bangalore",7:00 Hrs,21:00 Hrs,,
IMMUNOGLOBULINS IGG,Laboratory, Isha Diagnostics,24 hrs,900,10%,"Malleshwaram, Bangalore",7:00 Hrs,21:00 Hrs,,
Leptospira Antibody IgM,Laboratory, Isha Diagnostics,24 hrs,800,10%,"Malleshwaram, Bangalore",7:00 Hrs,21:00 Hrs,,
LEPTOSPIRA ANTIBODY IGM AND IGG,Laboratory, Isha Diagnostics,24 hrs,1500,10%,"Malleshwaram, Bangalore",7:00 Hrs,21:00 Hrs,,
LUPUS ANTICOAGULANT,Laboratory, Isha Diagnostics,24 hrs,2500,10%,"Malleshwaram, Bangalore",7:00 Hrs,21:00 Hrs,,
P-ANCA,Laboratory, Isha Diagnostics,24 hrs,1800,10%,"Malleshwaram, Bangalore",7:00 Hrs,21:00 Hrs,,
PROCALCITONIN,Laboratory, Isha Diagnostics,24 hrs,2500,10%,"Malleshwaram, Bangalore",7:00 Hrs,21:00 Hrs,,
RUBELLA ANTIBODY (IGG),Laboratory, Isha Diagnostics,24 hrs,800,10%,"Malleshwaram, Bangalore",7:00 Hrs,21:00 Hrs,,
RUBELLA ANTIBODY (IGM),Laboratory, Isha Diagnostics,24 hrs,800,10%,"Malleshwaram, Bangalore",7:00 Hrs,21:00 Hrs,,
TB GOLD (QUANTIFERON),Laboratory, Isha Diagnostics,24 hrs,3500,10%,"Malleshwaram, Bangalore",7:00 Hrs,21:00 Hrs,,
TOXOPLASMA (IGG),Laboratory, Isha Diagnostics,24 hrs,900,10%,"Malleshwaram, Bangalore",7:00 Hrs,21:00 Hrs,,
TOXOPLASMA (IGM),Laboratory, Isha Diagnostics,24 hrs,900,10%,"Malleshwaram, Bangalore",7:00 Hrs,21:00 Hrs,,
TPHA,Laboratory, Isha Diagnostics,24 hrs,800,10%,"Malleshwaram, Bangalore",7:00 Hrs,21:00 Hrs,,
TROPONIN T,Laboratory, Isha Diagnostics,24 hrs,900,10%,"Malleshwaram, Bangalore",7:00 Hrs,21:00 Hrs,,
TYPHIDOT TEST,Laboratory, Isha Diagnostics,24 hrs,600,10%,"Malleshwaram, Bangalore",7:00 Hrs,21:00 Hrs,,
VDRL,Laboratory, Isha Diagnostics,24 hrs,400,10%,"Malleshwaram, Bangalore",7:00 Hrs,21:00 Hrs,,
WIDAL SLIDE,Laboratory, Isha Diagnostics,24 hrs,400,10%,"Malleshwaram, Bangalore",7:00 Hrs,21:00 Hrs,,
WIDAL TUBE TEST,Laboratory, Isha Diagnostics,24 hrs,600,10%,"Malleshwaram, Bangalore",7:00 Hrs,21:00 Hrs,,
WEIL FELIX TEST,Laboratory, Isha Diagnostics,24 hrs,600,10%,"Malleshwaram, Bangalore",7:00 Hrs,21:00 Hrs,,
HEPATITIS B VIRUS DNA QUANTITATIVE PCR,Laboratory, Isha Diagnostics,24 hrs,5000,10%,"Malleshwaram, Bangalore",7:00 Hrs,21:00 Hrs,,
Helicobacter Pylorii IgG,Laboratory, Isha Diagnostics,24 hrs,1500,10%,"Malleshwaram, Bangalore",7:00 Hrs,21:00 Hrs,,
KETONE BODIES - SERUM,Laboratory, Isha Diagnostics,24 hrs,2500,10%,"Malleshwaram, Bangalore",7:00 Hrs,21:00 Hrs,,
Urine Myaglobulin,Laboratory, Isha Diagnostics,24 hrs,1000,10%,"Malleshwaram, Bangalore",7:00 Hrs,21:00 Hrs,,
VDRL(DILUTION),Laboratory, Isha Diagnostics,24 hrs,500,10%,"Malleshwaram, Bangalore",7:00 Hrs,21:00 Hrs,,
Saccharomyces cerevisiae Antibody IgA,Laboratory, Isha Diagnostics,24 hrs,3000,10%,"Malleshwaram, Bangalore",7:00 Hrs,21:00 Hrs,,
24 Hrs Urine - Metanephrines,Laboratory, Isha Diagnostics,24 hrs,1500,10%,"Malleshwaram, Bangalore",7:00 Hrs,21:00 Hrs,,
CD3,Laboratory, Isha Diagnostics,24 hrs,700,10%,"Malleshwaram, Bangalore",7:00 Hrs,21:00 Hrs,,
CD8,Laboratory, Isha Diagnostics,24 hrs,700,10%,"Malleshwaram, Bangalore",7:00 Hrs,21:00 Hrs,,
CD4 ABSOLUTE COUNT,Laboratory, Isha Diagnostics,24 hrs,1500,10%,"Malleshwaram, Bangalore",7:00 Hrs,21:00 Hrs,,
CRYPTOCOCCUS ANTIGEN,Laboratory, Isha Diagnostics,24 hrs,1800,10%,"Malleshwaram, Bangalore",7:00 Hrs,21:00 Hrs,,
Varicella Zoster IgG,Laboratory, Isha Diagnostics,24 hrs,1000,10%,"Malleshwaram, Bangalore",7:00 Hrs,21:00 Hrs,,
Varicella Zoster IgM,Laboratory, Isha Diagnostics,24 hrs,1000,10%,"Malleshwaram, Bangalore",7:00 Hrs,21:00 Hrs,,
BODY FLUID ANALYSIS,Laboratory, Isha Diagnostics,24 hrs,800,10%,"Malleshwaram, Bangalore",7:00 Hrs,21:00 Hrs,,
SYNOVIAL FLUID ANALYSIS,Laboratory, Isha Diagnostics,24 hrs,800,10%,"Malleshwaram, Bangalore",7:00 Hrs,21:00 Hrs,,
Helicobacter Pylori PCR - STOOL,Laboratory, Isha Diagnostics,24 hrs,4500,10%,"Malleshwaram, Bangalore",7:00 Hrs,21:00 Hrs,,
Helicobacter Pylorii IgA,Laboratory, Isha Diagnostics,24 hrs,1500,10%,"Malleshwaram, Bangalore",7:00 Hrs,21:00 Hrs,,
Helicobacter Pylorii IgM,Laboratory, Isha Diagnostics,24 hrs,1500,10%,"Malleshwaram, Bangalore",7:00 Hrs,21:00 Hrs,,
BRUCELLA IGM ANTIBODY,Laboratory, Isha Diagnostics,24 hrs,900,10%,"Malleshwaram, Bangalore",7:00 Hrs,21:00 Hrs,,
RT- PCR ,Laboratory, Isha Diagnostics,24 hrs,950,10%,"Malleshwaram, Bangalore",7:00 Hrs,21:00 Hrs,,
TISSUE TRANSGLUTAMINASE ANTIBODY - IGM,Laboratory, Isha Diagnostics,24 hrs,1200,10%,"Malleshwaram, Bangalore",7:00 Hrs,21:00 Hrs,,
  TISSUE TRANSGLUTAMINASE ANTIBODY - IGG,Laboratory, Isha Diagnostics,24 hrs,1200,10%,"Malleshwaram, Bangalore",7:00 Hrs,21:00 Hrs,,
BETA 2 GLYCOPROTEIN IGG,Laboratory, Isha Diagnostics,24 hrs,1000,10%,"Malleshwaram, Bangalore",7:00 Hrs,21:00 Hrs,,
BETA 2 GLYCOPROTEIN IGM,Laboratory, Isha Diagnostics,24 hrs,1000,10%,"Malleshwaram, Bangalore",7:00 Hrs,21:00 Hrs,,
HERPES SIMPLEX VIRUS 1&2 (IGG & IGM),Laboratory, Isha Diagnostics,24 hrs,3200,10%,"Malleshwaram, Bangalore",7:00 Hrs,21:00 Hrs,,
ANCA - IFA,Laboratory, Isha Diagnostics,24 hrs,2000,10%,"Malleshwaram, Bangalore",7:00 Hrs,21:00 Hrs,,
COLLAGEN SLE PROFILE,Laboratory, Isha Diagnostics,24 hrs,2000,10%,"Malleshwaram, Bangalore",7:00 Hrs,21:00 Hrs,,
EBV IgG & IgM,Laboratory, Isha Diagnostics,24 hrs,3850,10%,"Malleshwaram, Bangalore",7:00 Hrs,21:00 Hrs,,
HLTV I & II (IgG & IgM),Laboratory, Isha Diagnostics,24 hrs,3850,10%,"Malleshwaram, Bangalore",7:00 Hrs,21:00 Hrs,,
SYPHILIS ANTIBIOTICS,Laboratory, Isha Diagnostics,24 hrs,1200,10%,"Malleshwaram, Bangalore",7:00 Hrs,21:00 Hrs,,
CHIKUNGUNYA IGG  IGM ANTIBODY (ELISA),Laboratory, Isha Diagnostics,24 hrs,600,10%,"Malleshwaram, Bangalore",7:00 Hrs,21:00 Hrs,,
DENGUE IgM & IgG ANTIBODY (ELISA),Laboratory, Isha Diagnostics,24 hrs,800,10%,"Malleshwaram, Bangalore",7:00 Hrs,21:00 Hrs,,
TROPONIN I HIGH SENSITIVE,Laboratory, Isha Diagnostics,24 hrs,1200,10%,"Malleshwaram, Bangalore",7:00 Hrs,21:00 Hrs,,
HIV P24 ANTIGEN,Laboratory, Isha Diagnostics,24 hrs,1200,10%,"Malleshwaram, Bangalore",7:00 Hrs,21:00 Hrs,,
 TORCH 8 PROFILE IGG IGM,Laboratory, Isha Diagnostics,24 hrs,2000,10%,"Malleshwaram, Bangalore",7:00 Hrs,21:00 Hrs,,
CHLAMYDIA TRACHOMATIS IGG,Laboratory, Isha Diagnostics,24 hrs,1200,10%,"Malleshwaram, Bangalore",7:00 Hrs,21:00 Hrs,,
EPSTEIN BARR VIRUS EA IGM,Laboratory, Isha Diagnostics,24 hrs,1000,10%,"Malleshwaram, Bangalore",7:00 Hrs,21:00 Hrs,,
HEPATITIS A VIRUS - IGM (HAV IGM),Laboratory, Isha Diagnostics,24 hrs,800,10%,"Malleshwaram, Bangalore",7:00 Hrs,21:00 Hrs,,
HEPATITIS A VIRUS - TOTAL (HAV TOTAL),Laboratory, Isha Diagnostics,24 hrs,1200,10%,"Malleshwaram, Bangalore",7:00 Hrs,21:00 Hrs,,
Leptospira Antibody IgG,Laboratory, Isha Diagnostics,24 hrs,800,10%,"Malleshwaram, Bangalore",7:00 Hrs,21:00 Hrs,,
CYTOMEGALO VIRUS IGG AVIDITY,Laboratory, Isha Diagnostics,24 hrs,1200,10%,"Malleshwaram, Bangalore",7:00 Hrs,21:00 Hrs,,
DENGUE FEVER NS1 ANTIGEN (ELISA),Laboratory, Isha Diagnostics,24 hrs,600,10%,"Malleshwaram, Bangalore",7:00 Hrs,21:00 Hrs,,
IGG4 SUB CLASS,Laboratory, Isha Diagnostics,24 hrs,4000,10%,"Malleshwaram, Bangalore",7:00 Hrs,21:00 Hrs,,
SARS CoV 2 (Spike) ANTIBODY TITRE,Laboratory, Isha Diagnostics,24 hrs,1200,10%,"Malleshwaram, Bangalore",7:00 Hrs,21:00 Hrs,,
"ANTI CARDIOLIPIN ANTIBODIES, IGA",Laboratory, Isha Diagnostics,24 hrs,1200,10%,"Malleshwaram, Bangalore",7:00 Hrs,21:00 Hrs,,
Toxoplasma gondii - IgG Avidity,Laboratory, Isha Diagnostics,24 hrs,1200,10%,"Malleshwaram, Bangalore",7:00 Hrs,21:00 Hrs,,
FLUID FOR ALBUMIN,Laboratory, Isha Diagnostics,24 hrs,250,10%,"Malleshwaram, Bangalore",7:00 Hrs,21:00 Hrs,,
STOOL FAT GLOBULINS,Laboratory, Isha Diagnostics,24 hrs,500,10%,"Malleshwaram, Bangalore",7:00 Hrs,21:00 Hrs,,
"TB Gold Plus, Interferon gamma release assay  (IGRA)",Laboratory, Isha Diagnostics,24 hrs,2500,10%,"Malleshwaram, Bangalore",7:00 Hrs,21:00 Hrs,,
TORCH 5 Profile IGM,Laboratory, Isha Diagnostics,24 hrs,1500,10%,"Malleshwaram, Bangalore",7:00 Hrs,21:00 Hrs,,
URINE VANILLYL MANDELIC ACID (VMA),Laboratory, Isha Diagnostics,24 hrs,2000,10%,"Malleshwaram, Bangalore",7:00 Hrs,21:00 Hrs,,
APLA EXTENDED,Laboratory, Isha Diagnostics,24 hrs,6000,10%,"Malleshwaram, Bangalore",7:00 Hrs,21:00 Hrs,,
Hepatitis A virus IgG Antibody,Laboratory, Isha Diagnostics,24 hrs,1200,10%,"Malleshwaram, Bangalore",7:00 Hrs,21:00 Hrs,,
Hepatitis A virus IgM Antibody,Laboratory, Isha Diagnostics,24 hrs,1200,10%,"Malleshwaram, Bangalore",7:00 Hrs,21:00 Hrs,,
"IMMUNOGLOBULINS (IGM,IGG,IGA) TOTAL",Laboratory, Isha Diagnostics,24 hrs,2000,10%,"Malleshwaram, Bangalore",7:00 Hrs,21:00 Hrs,,
SPERM DNA FRAGMENTATION,Laboratory, Isha Diagnostics,24 hrs,6000,10%,"Malleshwaram, Bangalore",7:00 Hrs,21:00 Hrs,,
ASPERGILLUS FUMIGATUS IGE ANTIBODY,Laboratory, Isha Diagnostics,24 hrs,1200,10%,"Malleshwaram, Bangalore",7:00 Hrs,21:00 Hrs,,
HERPES SIMPLEX VIRUS 1 & 2 ( IGM),Laboratory, Isha Diagnostics,24 hrs,3200,10%,"Malleshwaram, Bangalore",7:00 Hrs,21:00 Hrs,,
Hepatitis E virus IgG Antibody,Laboratory, Isha Diagnostics,24 hrs,900,10%,"Malleshwaram, Bangalore",7:00 Hrs,21:00 Hrs,,
Hepatitis E virus IgM Antibody,Laboratory, Isha Diagnostics,24 hrs,900,10%,"Malleshwaram, Bangalore",7:00 Hrs,21:00 Hrs,,
"HEPATITIS PROFILE (HBSAG, HAV, HCV, HEV, HBEAG)",Laboratory, Isha Diagnostics,24 hrs,3600,10%,"Malleshwaram, Bangalore",7:00 Hrs,21:00 Hrs,,
HBsAg CLIA,Laboratory, Isha Diagnostics,24 hrs,1500,10%,"Malleshwaram, Bangalore",7:00 Hrs,21:00 Hrs,,
HCV Antibody CLIA,Laboratory, Isha Diagnostics,24 hrs,1200,10%,"Malleshwaram, Bangalore",7:00 Hrs,21:00 Hrs,,
HIV 1&2 Antibody CLIA,Laboratory, Isha Diagnostics,24 hrs,1200,10%,"Malleshwaram, Bangalore",7:00 Hrs,21:00 Hrs,,
CHLAMYDIA TRACHOMATIS IGM,Laboratory, Isha Diagnostics,24 hrs,1200,10%,"Malleshwaram, Bangalore",7:00 Hrs,21:00 Hrs,,
AFB CULTURE  (TB CULTURE),Laboratory, Isha Diagnostics,24 hrs,1200,10%,"Malleshwaram, Bangalore",7:00 Hrs,21:00 Hrs,,
ALBERT STAIN  ( FOR CORYNEBACTERIUM DIPHTHERIAE ),Laboratory, Isha Diagnostics,24 hrs,250,10%,"Malleshwaram, Bangalore",7:00 Hrs,21:00 Hrs,,
ALLERGY INHALANT REPORT,Laboratory, Isha Diagnostics,24 hrs,4950,10%,"Malleshwaram, Bangalore",7:00 Hrs,21:00 Hrs,,
"CHICKEN POX ( VARICELLA ZOSTER) ANTIBODY, IGG",Laboratory, Isha Diagnostics,24 hrs,3000,10%,"Malleshwaram, Bangalore",7:00 Hrs,21:00 Hrs,,
"CHICKEN POX ( VARICELLA ZOSTER) ANTIBODY, IGM",Laboratory, Isha Diagnostics,24 hrs,3000,10%,"Malleshwaram, Bangalore",7:00 Hrs,21:00 Hrs,,
CULTURE & SENSITIVITY -  TIP,Laboratory, Isha Diagnostics,24 hrs,450,10%,"Malleshwaram, Bangalore",7:00 Hrs,21:00 Hrs,,
CULTURE & SENSITIVITY - BLOOD,Laboratory, Isha Diagnostics,24 hrs,850,10%,"Malleshwaram, Bangalore",7:00 Hrs,21:00 Hrs,,
CULTURE & SENSITIVITY - BRONCHIAL WASH ,Laboratory, Isha Diagnostics,24 hrs,450,10%,"Malleshwaram, Bangalore",7:00 Hrs,21:00 Hrs,,
CULTURE & SENSITIVITY - CVP TIP,Laboratory, Isha Diagnostics,24 hrs,450,10%,"Malleshwaram, Bangalore",7:00 Hrs,21:00 Hrs,,
CULTURE & SENSITIVITY - ET TUBE TIP,Laboratory, Isha Diagnostics,24 hrs,450,10%,"Malleshwaram, Bangalore",7:00 Hrs,21:00 Hrs,,
CULTURE & SENSITIVITY - EYE SWAB,Laboratory, Isha Diagnostics,24 hrs,450,10%,"Malleshwaram, Bangalore",7:00 Hrs,21:00 Hrs,,
CULTURE & SENSITIVITY - FLUID,Laboratory, Isha Diagnostics,24 hrs,600,10%,"Malleshwaram, Bangalore",7:00 Hrs,21:00 Hrs,,
CULTURE & SENSITIVITY - OT SWAB,Laboratory, Isha Diagnostics,24 hrs,500,10%,"Malleshwaram, Bangalore",7:00 Hrs,21:00 Hrs,,
CULTURE & SENSITIVITY - PUS,Laboratory, Isha Diagnostics,24 hrs,500,10%,"Malleshwaram, Bangalore",7:00 Hrs,21:00 Hrs,,
CULTURE & SENSITIVITY - SPUTUM,Laboratory, Isha Diagnostics,24 hrs,500,10%,"Malleshwaram, Bangalore",7:00 Hrs,21:00 Hrs,,
CULTURE & SENSITIVITY - STOOL,Laboratory, Isha Diagnostics,24 hrs,500,10%,"Malleshwaram, Bangalore",7:00 Hrs,21:00 Hrs,,
CULTURE & SENSITIVITY - SYNOVIAL FLUID,Laboratory, Isha Diagnostics,24 hrs,500,10%,"Malleshwaram, Bangalore",7:00 Hrs,21:00 Hrs,,
CULTURE & SENSITIVITY - TISSUE,Laboratory, Isha Diagnostics,24 hrs,500,10%,"Malleshwaram, Bangalore",7:00 Hrs,21:00 Hrs,,
CULTURE & SENSITIVITY - URINE,Laboratory, Isha Diagnostics,24 hrs,600,10%,"Malleshwaram, Bangalore",7:00 Hrs,21:00 Hrs,,
CULTURE & SENSITIVITY - VAGINAL SWAB,Laboratory, Isha Diagnostics,24 hrs,600,10%,"Malleshwaram, Bangalore",7:00 Hrs,21:00 Hrs,,
CULTURE & SENSITIVITY -THROAT SWAB,Laboratory, Isha Diagnostics,24 hrs,500,10%,"Malleshwaram, Bangalore",7:00 Hrs,21:00 Hrs,,
CULTURE AND SENSITIVITY -  SWAB,Laboratory, Isha Diagnostics,24 hrs,500,10%,"Malleshwaram, Bangalore",7:00 Hrs,21:00 Hrs,,
CULTURE AND SENSITIVITY - ASCITIC FLUID,Laboratory, Isha Diagnostics,24 hrs,600,10%,"Malleshwaram, Bangalore",7:00 Hrs,21:00 Hrs,,
CULTURE AND SENSITIVITY - CEREBRO SPINAL FLUID(CSF),Laboratory, Isha Diagnostics,24 hrs,600,10%,"Malleshwaram, Bangalore",7:00 Hrs,21:00 Hrs,,
CULTURE AND SENSITIVITY - FUNGUS,Laboratory, Isha Diagnostics,24 hrs,1500,10%,"Malleshwaram, Bangalore",7:00 Hrs,21:00 Hrs,,
CULTURE AND SENSITIVITY - MOTHER'S MILK,Laboratory, Isha Diagnostics,24 hrs,600,10%,"Malleshwaram, Bangalore",7:00 Hrs,21:00 Hrs,,
CULTURE AND SENSITIVITY - PLEURAL FLUID,Laboratory, Isha Diagnostics,24 hrs,600,10%,"Malleshwaram, Bangalore",7:00 Hrs,21:00 Hrs,,
CULTURE AND SENSITIVITY - SEMEN,Laboratory, Isha Diagnostics,24 hrs,600,10%,"Malleshwaram, Bangalore",7:00 Hrs,21:00 Hrs,,
DENGUE ANTIBODIES - ELISA,Laboratory, Isha Diagnostics,24 hrs,1800,10%,"Malleshwaram, Bangalore",7:00 Hrs,21:00 Hrs,,
DENGUE ANTIBODIES (IGG & IGM),Laboratory, Isha Diagnostics,24 hrs,600,10%,"Malleshwaram, Bangalore",7:00 Hrs,21:00 Hrs,,
GRAM STAIN,Laboratory, Isha Diagnostics,24 hrs,300,10%,"Malleshwaram, Bangalore",7:00 Hrs,21:00 Hrs,,
HELICOBACTER PYLORI (H. PYLORI) ANTIBODY TEST,Laboratory, Isha Diagnostics,24 hrs,1500,10%,"Malleshwaram, Bangalore",7:00 Hrs,21:00 Hrs,,
HELICOBACTER PYLORI (H. PYLORI) ANTIGEN TEST,Laboratory, Isha Diagnostics,24 hrs,1500,10%,"Malleshwaram, Bangalore",7:00 Hrs,21:00 Hrs,,
"HEPATITIS B ""E"" ANTIBODY ( ANTI HBe )",Laboratory, Isha Diagnostics,24 hrs,1600,10%,"Malleshwaram, Bangalore",7:00 Hrs,21:00 Hrs,,
HEPATITIS B CORE ANTIBODY                             ( TOTAL +IGM),Laboratory, Isha Diagnostics,24 hrs,3000,10%,"Malleshwaram, Bangalore",7:00 Hrs,21:00 Hrs,,
HEPATITIS B SURFACE ANTIBODY                             ( ANTI HBS ),Laboratory, Isha Diagnostics,24 hrs,1000,10%,"Malleshwaram, Bangalore",7:00 Hrs,21:00 Hrs,,
"HEPATITIS C VIRUS ANTIBODY,ELISA (HCV)",Laboratory, Isha Diagnostics,24 hrs,1200,10%,"Malleshwaram, Bangalore",7:00 Hrs,21:00 Hrs,,
"HEPATITIS E VIRUS (HEV) ANTIBODY, IG M - ELISA",Laboratory, Isha Diagnostics,24 hrs,1200,10%,"Malleshwaram, Bangalore",7:00 Hrs,21:00 Hrs,,
HERPES SIMPLEX VIRUS 2 (IGG),Laboratory, Isha Diagnostics,24 hrs,900,10%,"Malleshwaram, Bangalore",7:00 Hrs,21:00 Hrs,,
HERPES SIMPLEX VIRUS 2 (IGM),Laboratory, Isha Diagnostics,24 hrs,900,10%,"Malleshwaram, Bangalore",7:00 Hrs,21:00 Hrs,,
HERPES SIMPLEX VIRUS I (IGG),Laboratory, Isha Diagnostics,24 hrs,900,10%,"Malleshwaram, Bangalore",7:00 Hrs,21:00 Hrs,,
HERPES SIMPLEX VIRUS I (IGM),Laboratory, Isha Diagnostics,24 hrs,900,10%,"Malleshwaram, Bangalore",7:00 Hrs,21:00 Hrs,,
HIV WESTERN BLOT,Laboratory, Isha Diagnostics,24 hrs,2400,10%,"Malleshwaram, Bangalore",7:00 Hrs,21:00 Hrs,,
"IMMUNOGLOBULINS (IGM,IGG,IGA) TOTAL",Laboratory, Isha Diagnostics,24 hrs,2400,10%,"Malleshwaram, Bangalore",7:00 Hrs,21:00 Hrs,,
IMMUNOGLOBULINS IGA,Laboratory, Isha Diagnostics,24 hrs,900,10%,"Malleshwaram, Bangalore",7:00 Hrs,21:00 Hrs,,
IMMUNOGLOBULINS IGM,Laboratory, Isha Diagnostics,24 hrs,900,10%,"Malleshwaram, Bangalore",7:00 Hrs,21:00 Hrs,,
INDIA INK PREPARATION,Laboratory, Isha Diagnostics,24 hrs,600,10%,"Malleshwaram, Bangalore",7:00 Hrs,21:00 Hrs,,
INSULIN AUTOANTIBODIES,Laboratory, Isha Diagnostics,24 hrs,3500,10%,"Malleshwaram, Bangalore",7:00 Hrs,21:00 Hrs,,
KOH PREPARATION FOR FUNGUS,Laboratory, Isha Diagnostics,24 hrs,1000,10%,"Malleshwaram, Bangalore",7:00 Hrs,21:00 Hrs,,
"MEASLES ANTIBODY, IGG",Laboratory, Isha Diagnostics,24 hrs,2000,10%,"Malleshwaram, Bangalore",7:00 Hrs,21:00 Hrs,,
"MUMPS ANTIBODY,IGG",Laboratory, Isha Diagnostics,24 hrs,1500,10%,"Malleshwaram, Bangalore",7:00 Hrs,21:00 Hrs,,
"MUMPS ANTIBODY,IGM",Laboratory, Isha Diagnostics,24 hrs,1500,10%,"Malleshwaram, Bangalore",7:00 Hrs,21:00 Hrs,,
SPUTUM FOR AFB,Laboratory, Isha Diagnostics,24 hrs,300,10%,"Malleshwaram, Bangalore",7:00 Hrs,21:00 Hrs,,
URINE FOR AFB,Laboratory, Isha Diagnostics,24 hrs,500,10%,"Malleshwaram, Bangalore",7:00 Hrs,21:00 Hrs,,
CULTURE & SENSITIVITY -  AIR,Laboratory, Isha Diagnostics,24 hrs,500,10%,"Malleshwaram, Bangalore",7:00 Hrs,21:00 Hrs,,
CULTURE AND SENSITIVITY WATER,Laboratory, Isha Diagnostics,24 hrs,500,10%,"Malleshwaram, Bangalore",7:00 Hrs,21:00 Hrs,,
MTB DNA PCR (URINE),Laboratory, Isha Diagnostics,24 hrs,3500,10%,"Malleshwaram, Bangalore",7:00 Hrs,21:00 Hrs,,
CULTURE & SENSITIVITY - OT SWAB 1,Laboratory, Isha Diagnostics,24 hrs,500,10%,"Malleshwaram, Bangalore",7:00 Hrs,21:00 Hrs,,
BIOLOGICAL INDICATOR,Laboratory, Isha Diagnostics,24 hrs,500,10%,"Malleshwaram, Bangalore",7:00 Hrs,21:00 Hrs,,
SMEAR AFB,Laboratory, Isha Diagnostics,24 hrs,300,10%,"Malleshwaram, Bangalore",7:00 Hrs,21:00 Hrs,,
CULTURE & SENSITIVITY - EAR SWAB,Laboratory, Isha Diagnostics,24 hrs,500,10%,"Malleshwaram, Bangalore",7:00 Hrs,21:00 Hrs,,
"MEASLES ANTIBODY, IGM",Laboratory, Isha Diagnostics,24 hrs,2000,10%,"Malleshwaram, Bangalore",7:00 Hrs,21:00 Hrs,,
SLIT SKIN SMEAR,Laboratory, Isha Diagnostics,24 hrs,700,10%,"Malleshwaram, Bangalore",7:00 Hrs,21:00 Hrs,,
CMV DNA QUALITATIVE PCR,Laboratory, Isha Diagnostics,24 hrs,2000,10%,"Malleshwaram, Bangalore",7:00 Hrs,21:00 Hrs,,
CULTURE & SENSITIVITY - BACTERIAL,Laboratory, Isha Diagnostics,24 hrs,600,10%,"Malleshwaram, Bangalore",7:00 Hrs,21:00 Hrs,,
CULTURE & SENSITIVITY - HAIR,Laboratory, Isha Diagnostics,24 hrs,200,10%,"Malleshwaram, Bangalore",7:00 Hrs,21:00 Hrs,,
MTB DNA PCR (SPUTUM),Laboratory, Isha Diagnostics,24 hrs,3000,10%,"Malleshwaram, Bangalore",7:00 Hrs,21:00 Hrs,,
SPECIAL FUNGUS STAIN,Laboratory, Isha Diagnostics,24 hrs,600,10%,"Malleshwaram, Bangalore",7:00 Hrs,21:00 Hrs,,
THALASSEMIA MUTATIONS,Laboratory, Isha Diagnostics,24 hrs,25000,10%,"Malleshwaram, Bangalore",7:00 Hrs,21:00 Hrs,,
SMEAR FOR GONORRHEA,Laboratory, Isha Diagnostics,24 hrs,300,10%,"Malleshwaram, Bangalore",7:00 Hrs,21:00 Hrs,,
GENE XPERT,Laboratory, Isha Diagnostics,24 hrs,4500,10%,"Malleshwaram, Bangalore",7:00 Hrs,21:00 Hrs,,
CULTURE & SENSITIVITY - BLOOD(AUTOMATED),Laboratory, Isha Diagnostics,24 hrs,1200,10%,"Malleshwaram, Bangalore",7:00 Hrs,21:00 Hrs,,
CYTOLOGY -SPUTUM FOR MALIGNANT CELLS,Laboratory, Isha Diagnostics,24 hrs,250,10%,"Malleshwaram, Bangalore",7:00 Hrs,21:00 Hrs,,
Hepatitis C Virus Genotyping,Laboratory, Isha Diagnostics,24 hrs,4500,10%,"Malleshwaram, Bangalore",7:00 Hrs,21:00 Hrs,,
HSV 1&2 DNA Qualitative PCR,Laboratory, Isha Diagnostics,24 hrs,3500,10%,"Malleshwaram, Bangalore",7:00 Hrs,21:00 Hrs,,
ANAEROBIC URINE CULTURE,Laboratory, Isha Diagnostics,24 hrs,1200,10%,"Malleshwaram, Bangalore",7:00 Hrs,21:00 Hrs,,
CYTOGENETIC ANALYSIS - Y CHROMOSOME-FISH,Laboratory, Isha Diagnostics,24 hrs,7000,10%,"Malleshwaram, Bangalore",7:00 Hrs,21:00 Hrs,,
Neisseria Gonorrhoae Qualitative PCR,Laboratory, Isha Diagnostics,24 hrs,3500,10%,"Malleshwaram, Bangalore",7:00 Hrs,21:00 Hrs,,
CSF CYTOLOGY,Laboratory, Isha Diagnostics,24 hrs,500,10%,"Malleshwaram, Bangalore",7:00 Hrs,21:00 Hrs,,
PLEURAL FLUID CYTOLOGY,Laboratory, Isha Diagnostics,24 hrs,500,10%,"Malleshwaram, Bangalore",7:00 Hrs,21:00 Hrs,,
SPUTUM CYTOLOGY,Laboratory, Isha Diagnostics,24 hrs,500,10%,"Malleshwaram, Bangalore",7:00 Hrs,21:00 Hrs,,
URINE CYTOLOGY,Laboratory, Isha Diagnostics,24 hrs,500,10%,"Malleshwaram, Bangalore",7:00 Hrs,21:00 Hrs,,
CYTOLOGY,Laboratory, Isha Diagnostics,24 hrs,500,10%,"Malleshwaram, Bangalore",7:00 Hrs,21:00 Hrs,,
BONE MARROW,Laboratory, Isha Diagnostics,24 hrs,4000,10%,"Malleshwaram, Bangalore",7:00 Hrs,21:00 Hrs,,
CELL BLOCK STUDY,Laboratory, Isha Diagnostics,24 hrs,650,10%,"Malleshwaram, Bangalore",7:00 Hrs,21:00 Hrs,,
CYTOLOGY - FLUID FOR MALIGNANT CELLS,Laboratory, Isha Diagnostics,24 hrs,500,10%,"Malleshwaram, Bangalore",7:00 Hrs,21:00 Hrs,,
FNAC REPORTING,Laboratory, Isha Diagnostics,24 hrs,650,10%,"Malleshwaram, Bangalore",7:00 Hrs,21:00 Hrs,,
"FNAC,INCLUDING PROCEDURE",Laboratory, Isha Diagnostics,24 hrs,1500,10%,"Malleshwaram, Bangalore",7:00 Hrs,21:00 Hrs,,
HISTOPATHOLGY - CORE/ TRUCUT BIOPSY,Laboratory, Isha Diagnostics,24 hrs,750,10%,"Malleshwaram, Bangalore",7:00 Hrs,21:00 Hrs,,
HISTOPATHOLOGY - ANIMAL SAMPLES,Laboratory, Isha Diagnostics,24 hrs,750,10%,"Malleshwaram, Bangalore",7:00 Hrs,21:00 Hrs,,
HISTOPATHOLOGY - BONE MARROW BIOPSY ( WITH PROCEDURE ),Laboratory, Isha Diagnostics,24 hrs,4000,10%,"Malleshwaram, Bangalore",7:00 Hrs,21:00 Hrs,,
"HISTOPATHOLOGY - KIDNEY BIOPSY, LIGHT MICROSCOPY",Laboratory, Isha Diagnostics,24 hrs,1500,10%,"Malleshwaram, Bangalore",7:00 Hrs,21:00 Hrs,,
"HISTOPATHOLOGY - KIDNEY BIOPSY,WITH IMMUNOFLOURESCENCE",Laboratory, Isha Diagnostics,24 hrs,4500,10%,"Malleshwaram, Bangalore",7:00 Hrs,21:00 Hrs,,
HISTOPATHOLOGY - MEDIUM,Laboratory, Isha Diagnostics,24 hrs,1500,10%,"Malleshwaram, Bangalore",7:00 Hrs,21:00 Hrs,,
"HISTOPATHOLOGY - ONCOPATHOLOGY,TUMOUR STAGING AND GRADING",Laboratory, Isha Diagnostics,24 hrs,2000,10%,"Malleshwaram, Bangalore",7:00 Hrs,21:00 Hrs,,
HISTOPATHOLOGY - PERINATAL AUTOPSY,Laboratory, Isha Diagnostics,24 hrs,3500,10%,"Malleshwaram, Bangalore",7:00 Hrs,21:00 Hrs,,
"HISTOPATHOLOGY - SKIN BIOPSY, LIGHT MICROSCOPY",Laboratory, Isha Diagnostics,24 hrs,1500,10%,"Malleshwaram, Bangalore",7:00 Hrs,21:00 Hrs,,
"HISTOPATHOLOGY - SKIN BIOPSY, WITH IMMUNOFLOURESCENCE",Laboratory, Isha Diagnostics,24 hrs,3500,10%,"Malleshwaram, Bangalore",7:00 Hrs,21:00 Hrs,,
HISTOPATHOLOGY - SMALL,Laboratory, Isha Diagnostics,24 hrs,1500,10%,"Malleshwaram, Bangalore",7:00 Hrs,21:00 Hrs,,
HISTOPATHOLOGY / ONCOPATHOLOGY REPORT,Laboratory, Isha Diagnostics,24 hrs,2000,10%,"Malleshwaram, Bangalore",7:00 Hrs,21:00 Hrs,,
HISTOPATHOLOGY FOR SLIDE AND BLOCK PREPARATION(PER BLOCK AND SLIDE),Laboratory, Isha Diagnostics,24 hrs,200,10%,"Malleshwaram, Bangalore",7:00 Hrs,21:00 Hrs,,
HISTOPATHOLOGY SLIDE/BLOCK FOR SECOND OPINION,Laboratory, Isha Diagnostics,24 hrs,1000,10%,"Malleshwaram, Bangalore",7:00 Hrs,21:00 Hrs,,
PAP SMEAR REPORTING,Laboratory, Isha Diagnostics,24 hrs,500,10%,"Malleshwaram, Bangalore",7:00 Hrs,21:00 Hrs,,
"PAP SMEAR, INCLUDING THE PROCEDURE",Laboratory, Isha Diagnostics,24 hrs,650,10%,"Malleshwaram, Bangalore",7:00 Hrs,21:00 Hrs,,
ER/PR Hir 2 Neu Ki - 67,Laboratory, Isha Diagnostics,24 hrs,8000,10%,"Malleshwaram, Bangalore",7:00 Hrs,21:00 Hrs,,
HISTOPATHOLOGY LARGE,Laboratory, Isha Diagnostics,24 hrs,2000,10%,"Malleshwaram, Bangalore",7:00 Hrs,21:00 Hrs,,
BIOPSY EXTRA LARGE,Laboratory, Isha Diagnostics,24 hrs,2000,10%,"Malleshwaram, Bangalore",7:00 Hrs,21:00 Hrs,,
IMMUNOHISTOCHEMISTRY REPORT,Laboratory, Isha Diagnostics,24 hrs,33000,10%,"Malleshwaram, Bangalore",7:00 Hrs,21:00 Hrs,,
HISTOPATHOLOGY REPORT,Laboratory, Isha Diagnostics,24 hrs,1000,10%,"Malleshwaram, Bangalore",7:00 Hrs,21:00 Hrs,,
GIEMSA STAIN,Laboratory, Isha Diagnostics,24 hrs,200,10%,"Malleshwaram, Bangalore",7:00 Hrs,21:00 Hrs,,
BIOPSY SMALL SPECIMEN,Laboratory, Isha Diagnostics,24 hrs,750,10%,"Malleshwaram, Bangalore",7:00 Hrs,21:00 Hrs,,
BIOPSY LARGE SPECIMEN,Laboratory, Isha Diagnostics,24 hrs,1380,10%,"Malleshwaram, Bangalore",7:00 Hrs,21:00 Hrs,,
BIOPSY EXTRA LARGE SPECIMEN,Laboratory, Isha Diagnostics,24 hrs,1840,10%,"Malleshwaram, Bangalore",7:00 Hrs,21:00 Hrs,,
BIOPSY MEDIUM SPECIMEN,Laboratory, Isha Diagnostics,24 hrs,1040,10%,"Malleshwaram, Bangalore",7:00 Hrs,21:00 Hrs,,
24 HRS URINE FOR CALCIUM,Laboratory, Isha Diagnostics,24 hrs,600,10%,"Malleshwaram, Bangalore",7:00 Hrs,21:00 Hrs,,
24 HRS URINE FOR CHLORIDE(Clo2),Laboratory, Isha Diagnostics,24 hrs,600,10%,"Malleshwaram, Bangalore",7:00 Hrs,21:00 Hrs,,
24 HRS URINE FOR CREATININE,Laboratory, Isha Diagnostics,24 hrs,600,10%,"Malleshwaram, Bangalore",7:00 Hrs,21:00 Hrs,,
24 HRS URINE FOR PHOSPHOROUS,Laboratory, Isha Diagnostics,24 hrs,600,10%,"Malleshwaram, Bangalore",7:00 Hrs,21:00 Hrs,,
24 HRS URINE FOR POTASSIUM(K+),Laboratory, Isha Diagnostics,24 hrs,600,10%,"Malleshwaram, Bangalore",7:00 Hrs,21:00 Hrs,,
24 HRS URINE FOR SODIUM(Na),Laboratory, Isha Diagnostics,24 hrs,600,10%,"Malleshwaram, Bangalore",7:00 Hrs,21:00 Hrs,,
24 HRS URINE PROTEIN,Laboratory, Isha Diagnostics,24 hrs,800,10%,"Malleshwaram, Bangalore",7:00 Hrs,21:00 Hrs,,
ABSOLUTE GRANULOCYTE COUNT,Laboratory, Isha Diagnostics,24 hrs,150,10%,"Malleshwaram, Bangalore",7:00 Hrs,21:00 Hrs,,
ABSOLUTE LYMPHOCYE COUNT,Laboratory, Isha Diagnostics,24 hrs,150,10%,"Malleshwaram, Bangalore",7:00 Hrs,21:00 Hrs,,
ASCITIC FLUID ANALYSIS,Laboratory, Isha Diagnostics,24 hrs,800,10%,"Malleshwaram, Bangalore",7:00 Hrs,21:00 Hrs,,
BENCE -JONES PROTEIN,Laboratory, Isha Diagnostics,24 hrs,500,10%,"Malleshwaram, Bangalore",7:00 Hrs,21:00 Hrs,,
BONE MARROW ASPIRATION REPORTING,Laboratory, Isha Diagnostics,24 hrs,1500,10%,"Malleshwaram, Bangalore",7:00 Hrs,21:00 Hrs,,
BONE MARROW ASPIRATION WITH PROCEDURE,Laboratory, Isha Diagnostics,24 hrs,4000,10%,"Malleshwaram, Bangalore",7:00 Hrs,21:00 Hrs,,
BUCCAL SMEAR FOR BARR BODIES,Laboratory, Isha Diagnostics,24 hrs,500,10%,"Malleshwaram, Bangalore",7:00 Hrs,21:00 Hrs,,
CLOT RETRACTION,Laboratory, Isha Diagnostics,24 hrs,250,10%,"Malleshwaram, Bangalore",7:00 Hrs,21:00 Hrs,,
COAGULATION MIXING STUDY,Laboratory, Isha Diagnostics,24 hrs,2500,10%,"Malleshwaram, Bangalore",7:00 Hrs,21:00 Hrs,,
COMPLETE URINE ANALYSIS,Laboratory, Isha Diagnostics,24 hrs,150,10%,"Malleshwaram, Bangalore",7:00 Hrs,21:00 Hrs,,
CSF ANALYSIS,Laboratory, Isha Diagnostics,24 hrs,900,10%,"Malleshwaram, Bangalore",7:00 Hrs,21:00 Hrs,,
DIRECT COOMB'S TEST (DCT),Laboratory, Isha Diagnostics,24 hrs,450,10%,"Malleshwaram, Bangalore",7:00 Hrs,21:00 Hrs,,
FACTOR V ACTIVITY,Laboratory, Isha Diagnostics,24 hrs,3500,10%,"Malleshwaram, Bangalore",7:00 Hrs,21:00 Hrs,,
Factor XIII Activity (Functional),Laboratory, Isha Diagnostics,24 hrs,5000,10%,"Malleshwaram, Bangalore",7:00 Hrs,21:00 Hrs,,
FASTING URINE SUGAR (FUS),Laboratory, Isha Diagnostics,24 hrs,40,10%,"Malleshwaram, Bangalore",7:00 Hrs,21:00 Hrs,,
FIBRIN DEGRADATION PRODUCTS (FDP),Laboratory, Isha Diagnostics,24 hrs,1400,10%,"Malleshwaram, Bangalore",7:00 Hrs,21:00 Hrs,,
FOETAL HAEMOGLOBIN ESTIMATION,Laboratory, Isha Diagnostics,24 hrs,800,10%,"Malleshwaram, Bangalore",7:00 Hrs,21:00 Hrs,,
HAM'S TEST,Laboratory, Isha Diagnostics,24 hrs,1200,10%,"Malleshwaram, Bangalore",7:00 Hrs,21:00 Hrs,,
HISTOPATHOLOGY REPORT,Laboratory, Isha Diagnostics,24 hrs,400,10%,"Malleshwaram, Bangalore",7:00 Hrs,21:00 Hrs,,
INDIRECT COOMB'S TEST (ICT),Laboratory, Isha Diagnostics,24 hrs,450,10%,"Malleshwaram, Bangalore",7:00 Hrs,21:00 Hrs,,
LE CELL PHENOMENON,Laboratory, Isha Diagnostics,24 hrs,600,10%,"Malleshwaram, Bangalore",7:00 Hrs,21:00 Hrs,,
MANTOUX TEST,Laboratory, Isha Diagnostics,24 hrs,300,10%,"Malleshwaram, Bangalore",7:00 Hrs,21:00 Hrs,,
PAUL BUNNEL TEST BY AGGLUTINATION,Laboratory, Isha Diagnostics,24 hrs,1500,10%,"Malleshwaram, Bangalore",7:00 Hrs,21:00 Hrs,,
PERICARDIAL FLUID CYTOLOGY ,Laboratory, Isha Diagnostics,24 hrs,800,10%,"Malleshwaram, Bangalore",7:00 Hrs,21:00 Hrs,,
PLEURAL FLUID ANALYSIS,Laboratory, Isha Diagnostics,24 hrs,800,10%,"Malleshwaram, Bangalore",7:00 Hrs,21:00 Hrs,,
PLEURAL FLUID ANALYSIS( WITH CYTOLOGY),Laboratory, Isha Diagnostics,24 hrs,800,10%,"Malleshwaram, Bangalore",7:00 Hrs,21:00 Hrs,,
POST PRANDIAL URINE SUGAR (PPUS),Laboratory, Isha Diagnostics,24 hrs,40,10%,"Malleshwaram, Bangalore",7:00 Hrs,21:00 Hrs,,
RANDOM URINE SUGAR (RUS),Laboratory, Isha Diagnostics,24 hrs,40,10%,"Malleshwaram, Bangalore",7:00 Hrs,21:00 Hrs,,
SEMEN ANALYSIS,Laboratory, Isha Diagnostics,24 hrs,800,10%,"Malleshwaram, Bangalore",7:00 Hrs,21:00 Hrs,,
SICKLING TEST,Laboratory, Isha Diagnostics,24 hrs,500,10%,"Malleshwaram, Bangalore",7:00 Hrs,21:00 Hrs,,
SPOT URINE CALCIUM,Laboratory, Isha Diagnostics,24 hrs,650,10%,"Malleshwaram, Bangalore",7:00 Hrs,21:00 Hrs,,
SPOT URINE CREATININE,Laboratory, Isha Diagnostics,24 hrs,650,10%,"Malleshwaram, Bangalore",7:00 Hrs,21:00 Hrs,,
STONE ANALYSIS,Laboratory, Isha Diagnostics,24 hrs,900,10%,"Malleshwaram, Bangalore",7:00 Hrs,21:00 Hrs,,
STOOL ANALYSIS,Laboratory, Isha Diagnostics,24 hrs,350,10%,"Malleshwaram, Bangalore",7:00 Hrs,21:00 Hrs,,
STOOL FOR HANGING DROP,Laboratory, Isha Diagnostics,24 hrs,400,10%,"Malleshwaram, Bangalore",7:00 Hrs,21:00 Hrs,,
STOOL FOR OCCULT BLOOD,Laboratory, Isha Diagnostics,24 hrs,200,10%,"Malleshwaram, Bangalore",7:00 Hrs,21:00 Hrs,,
STOOL FOR PH,Laboratory, Isha Diagnostics,24 hrs,150,10%,"Malleshwaram, Bangalore",7:00 Hrs,21:00 Hrs,,
STOOL FOR REDUCING SUBSTANCE,Laboratory, Isha Diagnostics,24 hrs,200,10%,"Malleshwaram, Bangalore",7:00 Hrs,21:00 Hrs,,
STOOL OVA / CYST,Laboratory, Isha Diagnostics,24 hrs,200,10%,"Malleshwaram, Bangalore",7:00 Hrs,21:00 Hrs,,
SYNOVIAL FLUID ANALYSIS( WITH CYTOLOGY),Laboratory, Isha Diagnostics,24 hrs,1200,10%,"Malleshwaram, Bangalore",7:00 Hrs,21:00 Hrs,,
TACROLIMUS LEVELS,Laboratory, Isha Diagnostics,24 hrs,3500,10%,"Malleshwaram, Bangalore",7:00 Hrs,21:00 Hrs,,
THROMBIN TIME,Laboratory, Isha Diagnostics,24 hrs,900,10%,"Malleshwaram, Bangalore",7:00 Hrs,21:00 Hrs,,
URINE  NICOTINE,Laboratory, Isha Diagnostics,24 hrs,600,10%,"Malleshwaram, Bangalore",7:00 Hrs,21:00 Hrs,,
URINE ACETONE,Laboratory, Isha Diagnostics,24 hrs,600,10%,"Malleshwaram, Bangalore",7:00 Hrs,21:00 Hrs,,
URINE ALBUMIN,Laboratory, Isha Diagnostics,24 hrs,100,10%,"Malleshwaram, Bangalore",7:00 Hrs,21:00 Hrs,,
URINE BILE PIGMENT,Laboratory, Isha Diagnostics,24 hrs,100,10%,"Malleshwaram, Bangalore",7:00 Hrs,21:00 Hrs,,
URINE BILE SALT,Laboratory, Isha Diagnostics,24 hrs,100,10%,"Malleshwaram, Bangalore",7:00 Hrs,21:00 Hrs,,
URINE BILE SALT AND BILE PIGMENTS (BS & BP),Laboratory, Isha Diagnostics,24 hrs,100,10%,"Malleshwaram, Bangalore",7:00 Hrs,21:00 Hrs,,
URINE KETONE BODIES,Laboratory, Isha Diagnostics,24 hrs,100,10%,"Malleshwaram, Bangalore",7:00 Hrs,21:00 Hrs,,
URINE MICROSCOPY,Laboratory, Isha Diagnostics,24 hrs,150,10%,"Malleshwaram, Bangalore",7:00 Hrs,21:00 Hrs,,
URINE OCCULT BLOOD,Laboratory, Isha Diagnostics,24 hrs,150,10%,"Malleshwaram, Bangalore",7:00 Hrs,21:00 Hrs,,
URINE PREGNANCY TEST (UPT),Laboratory, Isha Diagnostics,24 hrs,200,10%,"Malleshwaram, Bangalore",7:00 Hrs,21:00 Hrs,,
URINE SUGAR,Laboratory, Isha Diagnostics,24 hrs,40,10%,"Malleshwaram, Bangalore",7:00 Hrs,21:00 Hrs,,
URINE UROBILINOGEN,Laboratory, Isha Diagnostics,24 hrs,100,10%,"Malleshwaram, Bangalore",7:00 Hrs,21:00 Hrs,,
STOOL - CALPROTECTIN,Laboratory, Isha Diagnostics,24 hrs,2000,10%,"Malleshwaram, Bangalore",7:00 Hrs,21:00 Hrs,,
URINE FAT GLOBULINS,Laboratory, Isha Diagnostics,24 hrs,500,10%,"Malleshwaram, Bangalore",7:00 Hrs,21:00 Hrs,,
5-Hydroxy Indole Acetic Acid (5-HIAA),Laboratory, Isha Diagnostics,24 hrs,2000,10%,"Malleshwaram, Bangalore",7:00 Hrs,21:00 Hrs,,
Clostridium Difficile Antigen,Laboratory, Isha Diagnostics,24 hrs,5000,10%,"Malleshwaram, Bangalore",7:00 Hrs,21:00 Hrs,,
URINE NITRATE,Laboratory, Isha Diagnostics,24 hrs,100,10%,"Malleshwaram, Bangalore",7:00 Hrs,21:00 Hrs,,
Urine for Hemosiderin,Laboratory, Isha Diagnostics,24 hrs,700,10%,"Malleshwaram, Bangalore",7:00 Hrs,21:00 Hrs,,
 HIV 1 RNA Viral Load (Quantitative) PCR,Laboratory, Isha Diagnostics,24 hrs,3600,10%,"Malleshwaram, Bangalore",7:00 Hrs,21:00 Hrs,,
ANDROSTENEDIONE,Laboratory, Isha Diagnostics,24 hrs,3000,10%,"Malleshwaram, Bangalore",7:00 Hrs,21:00 Hrs,,
"AUTOIMMUNE GASTROINTESTINAL PANEL (IGA) - ANTIBODIES TO GLADIN,TTG,PARIETAL CELL,INTRINSIC FACTOR,SACCAROMYCES CERVISIAE",Laboratory, Isha Diagnostics,24 hrs,6500,10%,"Malleshwaram, Bangalore",7:00 Hrs,21:00 Hrs,,
BENZODIAZEPINE TEST - SERUM,Laboratory, Isha Diagnostics,24 hrs,1600,10%,"Malleshwaram, Bangalore",7:00 Hrs,21:00 Hrs,,
ELECTROPHORESIS   ( URINE ),Laboratory, Isha Diagnostics,24 hrs,1800,10%,"Malleshwaram, Bangalore",7:00 Hrs,21:00 Hrs,,
ELECTROPHORESIS  ( HAEMOGLOBIN),Laboratory, Isha Diagnostics,24 hrs,1800,10%,"Malleshwaram, Bangalore",7:00 Hrs,21:00 Hrs,,
"HEPATITIS B DNA, BY PCR (QUALITATIVE )",Laboratory, Isha Diagnostics,24 hrs,3500,10%,"Malleshwaram, Bangalore",7:00 Hrs,21:00 Hrs,,
"HEPATITIS B DNA, VIRAL LOAD,  BY PCR (QUANTITATIVE )",Laboratory, Isha Diagnostics,24 hrs,4500,10%,"Malleshwaram, Bangalore",7:00 Hrs,21:00 Hrs,,
HEPATITIS C RNA PCR (HCV RNA VIRAL LOAD ),Laboratory, Isha Diagnostics,24 hrs,5000,10%,"Malleshwaram, Bangalore",7:00 Hrs,21:00 Hrs,,
"HIV RNA PCR (VIRAL LOAD, QUANTITATIVE)",Laboratory, Isha Diagnostics,24 hrs,5700,10%,"Malleshwaram, Bangalore",7:00 Hrs,21:00 Hrs,,
HPV DNA DETECTION (VAGINAL SWAB),Laboratory, Isha Diagnostics,24 hrs,5000,10%,"Malleshwaram, Bangalore",7:00 Hrs,21:00 Hrs,,
IMMUNOFIXATION ELECTROPHORESIS,Laboratory, Isha Diagnostics,24 hrs,4500,10%,"Malleshwaram, Bangalore",7:00 Hrs,21:00 Hrs,,
MTB DNA PCR (WB-EDTA),Laboratory, Isha Diagnostics,24 hrs,3600,10%,"Malleshwaram, Bangalore",7:00 Hrs,21:00 Hrs,,
PHENETOIN LEVEL,Laboratory, Isha Diagnostics,24 hrs,1400,10%,"Malleshwaram, Bangalore",7:00 Hrs,21:00 Hrs,,
QUADRUPLE MARKER TEST,Laboratory, Isha Diagnostics,24 hrs,4000,10%,"Malleshwaram, Bangalore",7:00 Hrs,21:00 Hrs,,
TISSUE - TB PCR,Laboratory, Isha Diagnostics,24 hrs,3800,10%,"Malleshwaram, Bangalore",7:00 Hrs,21:00 Hrs,,
MTB DNA PCR (SEMEN),Laboratory, Isha Diagnostics,24 hrs,2000,10%,"Malleshwaram, Bangalore",7:00 Hrs,21:00 Hrs,,
Allergy Veg. Profile (Veg. Food + Inhalant),Laboratory, Isha Diagnostics,24 hrs,4000,10%,"Malleshwaram, Bangalore",7:00 Hrs,21:00 Hrs,,
JAK2 (V617F) Mutation PCR,Laboratory, Isha Diagnostics,24 hrs,4000,10%,"Malleshwaram, Bangalore",7:00 Hrs,21:00 Hrs,,
SWINE FLU (H1N1) RNA DETECTION RT PCR,Laboratory, Isha Diagnostics,24 hrs,5000,10%,"Malleshwaram, Bangalore",7:00 Hrs,21:00 Hrs,,
"HIV-1 RNA Qualitative PCR,WB-EDTA PLASMA",Laboratory, Isha Diagnostics,24 hrs,4000,10%,"Malleshwaram, Bangalore",7:00 Hrs,21:00 Hrs,,
,Laboratory,,,,,,7:00 Hrs,21:00 Hrs,,
,Laboratory,,,,,,7:00 Hrs,21:00 Hrs,,
